{"schema":"flowdna.darts/v1","case_id":"DARTS_homog_anchor","tD":[1218.14533,2923.54879,5311.11364,8653.70443,12181.4533,14541.93442,17359.82163,20723.74957,24739.52816,29533.47085,35256.36764,42088.22817,50243.94368,59980.04635,71602.7783,85477.72421,102041.31055,121814.53303,145419.34415,173598.2163,207237.49566,247395.28161,295334.70846,352563.67644,420882.28165,502439.43675,599800.46347,716027.78298,854777.24214,1020413.10553,1218145.33029,1454193.44151,1735982.16301,2072374.95663,2473952.8161,2953347.08456,3525636.76443,4208822.81654,5024394.3675,5998004.63469,7160277.82979,8378423.16007,8547772.42138,9765917.75167,10204131.05534,11422276.38563,12181453.30286],"pwD_sim":[4.11824,4.31073,4.55499,4.82642,5.05485,5.18657,5.32,5.45319,5.58439,5.71226,5.83593,5.95507,6.06978,6.1805,6.28784,6.39246,6.49494,6.59578,6.69538,6.79402,6.8919,6.98919,7.086,7.18242,7.27853,7.37437,7.47001,7.56546,7.66077,7.75597,7.85106,7.94606,8.041,8.13588,8.23071,8.3255,8.42025,8.51498,8.60968,8.70437,8.79904,8.88363,8.89513,8.96724,8.99196,9.05315,9.08876],"pwD_analytic":[3.95718,4.39486,4.69334,4.93743,5.10838,5.19694,5.2855,5.37406,5.46262,5.55118,5.63974,5.7283,5.81686,5.90543,5.99399,6.08255,6.17111,6.25967,6.34823,6.43679,6.52535,6.61391,6.70247,6.79103,6.87959,6.96815,7.05672,7.14528,7.23384,7.3224,7.41096,7.49952,7.58808,7.67664,7.7652,7.85376,7.94233,8.03089,8.11945,8.20801,8.29657,8.37512,8.38513,8.45174,8.47369,8.53008,8.56225],"dpwD_sim":[0.21987,0.3324,0.48993,0.6219,0.70758,0.7288,0.74743,0.74198,0.72821,0.70838,0.68511,0.66091,0.63786,0.61735,0.60008,0.58615,0.57522,0.56679,0.5603,0.55527,0.55134,0.54821,0.5457,0.54367,0.54201,0.54065,0.53953,0.5386,0.53784,0.5372,0.53667,0.53623,0.53586,0.53555,0.5353,0.53509,0.53491,0.53476,0.53464,0.53551,0.5385,0.54187,0.54212,0.54655,0.54588,0.55191,0.54661],"dpwD_analytic":[0.49993,0.49995,0.49998,0.49999,0.49999,0.49999,0.49999,0.49999,0.49999,0.5,0.5,0.5,0.5,0.5,0.5,0.5,0.5,0.5,0.5,0.5,0.5,0.5,0.5,0.5,0.5,0.5,0.5,0.5,0.5,0.5,0.5,0.5,0.5,0.5,0.5,0.5,0.5,0.5,0.5,0.5,0.5,0.5,0.5,0.5,0.5,0.5,0.5],"validation":{"rel_l2":0.01081,"plateau_error":0.04065,"apparent_skin":0.4133,"window":[11,42],"tol_rel_l2":0.05,"tol_plateau":0.1,"passed":true},"physical":{"perm_mD":50.0,"poro":0.2,"rw_m":0.1,"h_m":10.0,"q_m3day":20.0,"p_init_bar":200.0,"visc_cP":0.35,"ct_1bar":5e-05}}