{"schema":"flowdna.trace/v1","case_id":"FIELD_combined","t_grid":[2.0,2.17698,2.36962,2.57931,2.80755,3.05599,3.32641,3.62076,3.94116,4.28992,4.66953,5.08274,5.53251,6.02208,6.55497,7.13501,7.76639,8.45363,9.20169,10.01595,10.90226,11.86699,12.9171,14.06013,15.30431,16.65858,18.1327,19.73725,21.4838,23.38489,25.45421,27.70665,30.1584,32.82711,35.73197,38.89388,42.33559,46.08185,50.15962,54.59823,59.42961,64.68852,70.41278,76.64359,83.42576,90.80807,98.84365,107.5903,117.11093,127.47404,138.75418,151.0325,164.39731,178.94478,194.77955,212.01554,230.77673,251.19809,273.42653,297.62196,323.95844,352.62542,383.82913,417.79406,454.76453,495.0065,538.80947,586.48856,638.38675,694.8774,756.36689,823.29756,896.15091,975.45103,1061.7684,1155.72396,1257.99362,1369.31309,1490.48319,1622.37559,1765.93911,1922.20652,2092.30199,2277.44916,2478.97994,2698.34411,2937.11976,3197.02459,3479.92832,3787.86611,4123.05323,4487.90095,4885.03393,5317.30909,5787.83615,6300.0],"preprocessing":{"derivative_order":1,"L":0.2,"norm":"zscore","n_points":96},"dtw_window":10,"k":2,"medoids":[[0.15911,0.15911,0.15199,0.10938,0.06856,0.02773,-0.1994,-0.46598,-0.59266,-0.14165,0.30936,0.76037,1.31678,1.63447,1.82115,1.39102,0.76011,0.1292,-0.15021,-0.1196,-0.07971,0.20541,0.69131,0.79013,0.4966,0.28493,0.37354,0.28797,-0.10922,-0.22333,-0.20911,-0.29333,-0.6871,-1.102,-1.20599,-1.20455,-1.20834,-1.22602,-1.22904,-1.21093,-1.19472,-1.18088,-1.16391,-1.14072,-1.13206,-1.12164,-1.10861,-1.09532,-1.08669,-1.08548,-1.08418,-1.16412,-1.63341,-2.10204,-1.73676,-1.26536,-1.07033,-0.98448,-0.50982,-0.03627,-0.37264,-0.37004,-0.09129,0.13221,0.28102,0.43094,0.65128,0.63868,0.62609,0.40643,0.25742,0.09737,-0.16124,-0.45163,-0.43641,-0.01328,-0.0145,-0.00468,0.36167,0.62793,0.7974,1.2813,2.10057,2.10036,1.74796,1.70654,1.53971,1.35967,1.48393,2.17381,2.17274,1.78024,1.30704,0.248,-0.7078,-1.06005],[-1.42088,-1.42088,-1.42088,-1.42088,-1.42088,-1.42088,-1.32432,-1.2073,-1.09029,-0.97327,-0.85626,-0.73925,-0.7188,-0.7188,-0.83297,-1.00849,-1.1782,-1.04458,-0.91096,-0.77734,-0.81536,-0.81536,-0.82117,-0.94484,-1.01016,-1.07549,-0.855,-0.61118,-0.36737,-0.42943,-0.56691,-0.70438,-0.84186,-0.96735,-1.07311,-1.05848,-1.02677,-0.83099,-0.61969,-0.42038,-0.30031,-0.1867,-0.07308,-0.12953,-0.2548,-0.38008,-0.48948,-0.61976,-0.75005,-0.87433,-0.76125,-0.55927,-0.31367,-0.04071,0.23225,0.41272,0.38921,0.27681,0.26596,0.38974,0.51351,0.72977,0.85548,0.94187,0.92671,0.77692,0.72922,0.70067,0.78259,0.90382,1.02506,1.11265,1.09665,1.0615,1.02635,1.0251,1.03534,1.07922,1.12461,1.17,1.22714,1.25083,1.24222,1.12425,1.00629,0.97801,0.98527,0.99208,1.27357,1.69608,1.97452,2.0252,2.02859,1.89784,1.57139,1.63742]],"geotype_counts":[2,20],"silhouette":0.5305,"k_table":{"k":[2,3,4,5],"silhouette":[0.5305,0.1794,0.1614,0.1801],"cost":[54.91,48.13,42.29,37.51]},"samples":[{"geotype":0,"curve":[0.15911,0.15911,0.15199,0.10938,0.06856,0.02773,-0.1994,-0.46598,-0.59266,-0.14165,0.30936,0.76037,1.31678,1.63447,1.82115,1.39102,0.76011,0.1292,-0.15021,-0.1196,-0.07971,0.20541,0.69131,0.79013,0.4966,0.28493,0.37354,0.28797,-0.10922,-0.22333,-0.20911,-0.29333,-0.6871,-1.102,-1.20599,-1.20455,-1.20834,-1.22602,-1.22904,-1.21093,-1.19472,-1.18088,-1.16391,-1.14072,-1.13206,-1.12164,-1.10861,-1.09532,-1.08669,-1.08548,-1.08418,-1.16412,-1.63341,-2.10204,-1.73676,-1.26536,-1.07033,-0.98448,-0.50982,-0.03627,-0.37264,-0.37004,-0.09129,0.13221,0.28102,0.43094,0.65128,0.63868,0.62609,0.40643,0.25742,0.09737,-0.16124,-0.45163,-0.43641,-0.01328,-0.0145,-0.00468,0.36167,0.62793,0.7974,1.2813,2.10057,2.10036,1.74796,1.70654,1.53971,1.35967,1.48393,2.17381,2.17274,1.78024,1.30704,0.248,-0.7078,-1.06005]},{"geotype":0,"curve":[-1.3858,-1.3858,-1.3858,-1.3858,-1.3858,-1.3858,-1.21687,-1.01216,-0.84708,-0.84708,-0.83756,-0.6925,-0.74665,-0.95135,-1.11644,-1.00312,-0.57803,-0.24403,0.16136,0.23295,1.06103,1.46384,1.38768,1.48125,0.62738,1.03585,0.10254,-0.30836,-0.28765,-0.95628,-0.58785,-0.5897,-0.71358,-0.57772,-1.10324,-0.68932,-0.96977,-0.8351,-1.14469,-0.84708,-1.0422,-0.84292,-0.58414,-1.3858,-0.58986,-0.84708,-0.44758,-0.48407,-0.49712,0.20855,-0.33746,-0.7631,-0.3844,-0.36286,0.19164,-0.82526,0.05248,-0.0192,0.15287,-0.47695,-0.80835,0.07484,-0.46743,0.3154,0.17382,0.78887,0.9381,0.67156,0.75935,0.55128,0.36118,0.75149,0.64501,0.72879,1.43349,0.97168,1.39609,1.65285,1.44293,2.11528,1.51477,1.81182,1.3205,0.55317,0.47152,0.5141,0.76959,1.53138,1.2281,1.26956,2.38364,1.98724,1.09322,-0.04825,-2.17715,1.02914]},{"geotype":1,"curve":[-1.63829,-1.63829,-1.60303,-1.39209,-1.18997,-0.98784,-0.95252,-0.95252,-0.97745,-1.08065,-1.18385,-1.28704,-1.22344,-1.12451,-1.04474,-1.07059,-1.16952,-1.26845,-1.36737,-1.4663,-1.55353,-1.39522,-1.16385,-0.95252,-0.95252,-0.95252,-0.55537,-0.21888,-0.13227,-0.59584,-0.84808,-0.80743,-0.96867,-1.28893,-1.33441,-0.80408,-0.37118,-0.41184,-0.65944,-0.62583,-0.60023,-0.60622,-0.52921,-0.27155,0.02989,0.05094,0.05099,0.07539,0.23712,0.58345,0.8458,0.83554,0.8294,0.82752,0.70348,0.39532,0.12795,0.13314,0.14291,0.15006,0.41662,0.7207,0.84954,0.85436,0.85405,0.85256,0.60029,0.59391,0.76218,0.84237,0.84136,0.97164,1.25903,1.2632,1.27143,1.49099,1.53033,1.3977,1.09307,0.78343,0.57723,0.86162,1.40797,1.47615,1.46389,1.58679,1.79035,1.46728,0.88202,0.81681,1.09327,1.28695,0.94572,0.84101,0.25337,1.2]},{"geotype":1,"curve":[-1.00143,-1.00143,-1.00143,-1.00143,-1.00143,-1.00143,-1.20226,-1.44561,-1.62397,-1.53159,-1.43921,-1.34682,-1.05362,-0.71788,-0.44713,-0.47128,-0.56366,-0.65605,-0.74843,-0.84081,-0.9332,-1.00143,-1.00143,-0.97799,-0.70739,-0.43679,0.0208,0.55111,0.84806,0.58906,0.0829,-0.28524,-0.74282,-1.27313,-1.78209,-1.80624,-1.64616,-1.28257,-1.01651,-0.73882,-0.24842,0.1107,0.18619,-0.07988,-0.06892,-0.06433,-0.26159,-0.36101,-0.36101,-0.36101,-0.60288,-0.61246,-0.42089,-0.36101,-0.36101,-0.23408,0.00759,0.01243,0.02155,0.24349,0.52383,0.67702,0.68145,0.68595,0.68567,0.68428,0.68426,0.68128,0.67717,0.47243,0.1909,0.15506,0.43228,0.67358,0.67743,0.88111,1.15972,1.19337,1.05964,1.07922,1.28912,1.28399,1.28123,1.49112,1.59051,1.5906,1.65922,1.94319,2.22934,2.30321,2.10657,1.85079,1.4117,0.88398,0.12594,0.45722]},{"geotype":1,"curve":[-0.63416,-0.63416,-0.65398,-0.77253,-0.88612,-0.99972,-1.11331,-1.22691,-1.30056,-1.2222,-1.14384,-1.06548,-0.98712,-0.90877,-0.84557,-0.86605,-0.94441,-1.02277,-1.10113,-1.17949,-1.25785,-1.31573,-1.31573,-1.31573,-1.31573,-1.31573,-1.1538,-0.9289,-0.74209,-0.64219,-0.54229,-0.44347,-0.50733,-0.63416,-0.80297,-0.90287,-1.00277,-1.10159,-1.19965,-1.07497,-0.85686,-0.64132,-0.43723,-0.23313,0.00563,0.02231,0.02235,0.04167,0.07418,0.10929,0.10872,0.10059,0.09573,0.09424,0.09159,0.08671,0.08331,0.08742,0.09516,0.10083,0.31197,0.55282,0.65488,0.6587,0.65845,0.65727,0.45745,0.4524,0.58569,0.82082,1.05801,1.19107,1.18225,0.98254,0.98906,0.99136,0.988,1.08907,1.18796,1.14571,0.98238,1.20765,1.43694,1.63578,1.96611,2.32525,2.4865,2.23059,1.76701,1.33453,1.10973,1.00135,0.87935,0.91504,0.84993,1.22905]}],"calibration_scores":{"0":[4.72337,9.07178],"1":[1.23194,2.06315,2.42306,2.82219,3.02253,3.27587,3.28357,3.3101,4.35638]},"assignments":[{"point_prediction":1,"p_values":[0.6666666666666666,0.7],"prediction_set":[0,1],"alpha":0.15,"distances":[8.305179645955356,2.78056050383944],"out_of_catalogue":false,"test_index":0},{"point_prediction":1,"p_values":[0.6666666666666666,0.6],"prediction_set":[0,1],"alpha":0.15,"distances":[7.209025050451909,2.9123379652247596],"out_of_catalogue":false,"test_index":1},{"point_prediction":1,"p_values":[0.3333333333333333,0.9],"prediction_set":[0,1],"alpha":0.15,"distances":[9.552035497833478,1.7959889094592616],"out_of_catalogue":false,"test_index":2},{"point_prediction":1,"p_values":[0.3333333333333333,0.5],"prediction_set":[0,1],"alpha":0.15,"distances":[10.551027804775503,3.259723764865465],"out_of_catalogue":false,"test_index":3},{"point_prediction":1,"p_values":[0.3333333333333333,0.5],"prediction_set":[0,1],"alpha":0.15,