{"schema":"flowdna.trace/v1","case_id":"WR03_timing_families","t_grid":[100.0,121.39772,147.37406,178.90875,217.19114,263.66509,320.0834,388.57395,471.71991,572.65722,695.1928,843.9482,1024.53386,1243.76073,1509.89716,1832.98071,2225.19677,2701.33812,3279.36286,3981.07171,4832.93024,5867.06707,7122.48558,8646.53503,10496.69629,12742.74986,15469.40765,18779.50802,22797.89436,27676.12371,33598.18286,40787.42759,49515.00669,60110.08864,72972.27645,88586.67904,107542.20761,130553.7869,158489.31925,192402.41828,233572.14691,283551.25835,344224.75957,417881.00603,507298.00907,615848.21107,747625.68016,907600.52168,1101806.33011,1337567.75153,1623776.73919,1971227.92152,2393025.73118,2905078.65051,3526699.21417,4281332.39872,5197439.87087,6309573.4448,7659678.23475,9298674.65261,11288378.91685,13703834.50663,16636142.49384,20195897.50164,24517358.87979,29763514.41631,36132227.56796,43863700.0578,53249531.29838,64643716.3249,78475997.03515,95268070.2902,115653264.17903,140400424.55483,170442912.74532,206913808.11148,251188643.15096,304937282.93873,370186905.58462,449398459.07217,545559478.11685,662296761.71483,804013161.11679,976053637.3079,1184906851.00067,1438449888.28767,1746245352.00162,2119902023.84961,2573512700.01691,3124185713.60267,3792690190.73224,4604239376.75877,5589441576.40337,6785454573.39357,8237387069.57101,10000000000.0],"preprocessing":{"derivative_order":1,"L":0.2,"norm":"zscore","n_points":96},"dtw_window":10,"k":2,"medoids":[[-0.02276,0.18497,0.97758,0.73475,0.53848,-0.23716,-0.12104,-0.79985,-0.84858,-0.19315,-0.93981,0.28526,0.47393,-0.43849,-0.25536,-0.42025,-1.2114,-0.61378,-1.26643,-2.12645,-1.85128,-1.8626,-1.46727,-1.75965,-1.70263,-1.8916,-1.89733,-1.91722,-1.4438,-1.14489,-1.93092,-1.12682,-0.87677,-1.1014,-0.48758,0.06429,-0.11524,0.52882,-0.27911,0.17252,0.67128,-0.27835,1.11347,0.56138,0.34645,0.89149,0.86456,0.56248,1.09262,0.7333,-0.1839,0.58217,0.05559,0.83355,0.72896,0.96187,0.66464,0.70481,1.3545,-0.25258,0.23572,0.05082,-0.58501,0.79641,0.12445,0.35453,0.93254,-0.06087,1.03178,0.50753,0.85944,0.949,-0.84475,0.29786,0.48209,0.83055,1.34282,-0.34719,1.30737,0.67281,0.44097,3.15169,0.13258,0.13065,-0.47922,-1.14648,-1.10002,-0.25124,1.42846,0.86154,-0.41881,1.20797,0.40111,0.18363,2.5516,0.3494],[-0.2893,0.3328,-0.19671,-0.17755,0.58485,1.22403,1.05827,0.49495,0.45986,0.07449,0.34152,0.74582,0.2622,0.02361,0.69707,0.32036,0.35855,0.15959,0.43955,1.02968,0.5692,0.54795,0.4131,0.44076,0.84774,0.11088,-0.76214,-0.16655,0.30641,0.67386,1.2719,0.40822,-0.31563,0.34263,0.11514,0.62388,1.43922,0.44724,0.23095,0.39078,-1.88,0.27721,0.61651,-0.09695,1.13542,-0.77958,-0.0258,-1.26181,-0.75117,-0.40688,-0.8609,-1.14844,0.07298,-1.33057,-2.73872,-0.72107,-2.3178,-1.58279,-0.89478,-1.77789,-1.51301,-1.97189,-1.46094,-1.22491,-1.12633,0.1214,-1.2309,-1.64252,0.25401,-1.52594,0.34847,0.97965,-0.96158,0.40761,1.15198,0.16167,0.67715,2.13255,-1.05326,0.67004,0.72929,-0.60221,1.50714,-0.26737,-0.83993,-0.83148,0.46662,0.69024,1.23477,1.43503,1.21187,0.58282,1.77633,0.92879,-2.20514,1.58384]],"geotype_counts":[31,29],"silhouette":0.24,"k_table":{"k":[2,3,4,5,6],"silhouette":[0.24,0.2043,0.1818,0.1686,0.1114],"cost":[343.24,313.03,298.0,286.75,277.44]},"samples":[{"geotype":0,"curve":[0.02712,-0.24574,0.09697,-0.13471,0.30769,0.38461,0.53459,1.17743,0.80153,0.73983,-0.16552,-0.4236,0.05113,-0.3817,-0.00616,0.24343,-0.50628,-0.01312,-0.23996,-0.6631,-0.45188,-0.60623,-0.44775,-1.08513,-1.6701,-1.34786,-1.62921,-2.47369,-1.46355,-2.56458,-1.06937,-0.65212,-1.87006,-0.62711,-2.5772,-1.55501,-1.08953,-0.57503,-0.90217,0.58305,0.19811,0.00938,1.25368,0.43742,0.38454,0.22477,0.09691,-0.38459,0.85358,0.12496,-0.2806,1.14729,0.54691,0.94718,2.3873,-0.16456,0.13372,0.7474,-0.7852,0.71448,0.77153,0.10111,0.95851,0.10108,0.01993,0.29168,0.42088,0.50048,1.48755,-0.07308,0.59342,0.64517,0.01261,1.30548,0.44274,0.38845,-0.62101,0.27463,-0.09349,1.23253,1.36218,1.39748,0.64029,-1.04398,0.07284,-0.92837,1.00714,1.70722,0.72301,0.77351,1.12467,1.52924,1.24856,0.38742,-2.30073,-2.56331]},{"geotype":0,"curve":[-0.95455,-0.3835,-0.17004,0.15515,0.10663,-0.29691,-0.18808,-0.11643,0.25766,0.23696,0.29911,-0.40639,-0.43364,-0.16851,-0.5476,-0.19687,-0.86155,-1.22968,-1.65303,-2.31733,-1.28028,-1.99915,-1.37611,-1.33047,-2.05969,-1.07664,-1.56076,-1.13069,-1.08233,-1.72331,-1.37764,-0.81997,-1.01736,-0.28332,-0.16358,0.37606,0.53232,0.60187,-0.22764,-0.15552,0.40537,0.09172,0.78498,-0.1473,1.12489,0.41929,0.72407,0.928,-0.45932,0.23906,-0.1119,0.01018,0.39117,0.79759,1.12421,0.68851,0.59299,-0.0436,-0.05602,0.92939,1.55672,0.79294,0.28129,-0.6369,-1.11709,0.51638,1.68693,0.61118,1.47891,-0.30251,-1.00347,1.35795,-1.98416,1.44384,1.33275,0.18397,1.2679,-0.09314,-0.63822,-0.08772,0.74514,0.6659,0.76671,-0.73311,0.7285,0.3219,-0.1994,1.72141,0.49313,0.70149,0.08772,1.22209,-0.26893,0.57616,4.12168,-0.00843]},{"geotype":0,"curve":[0.07697,-0.92607,0.13603,0.31008,-0.24433,-0.63325,-0.56573,0.07689,-0.08789,0.39592,-0.50715,-0.57492,-1.20709,-1.29048,-0.75328,-1.71144,-1.26459,-1.32777,-2.15744,-2.10748,-1.40698,-1.64689,-1.0606,-1.23791,-2.08851,-1.74907,-1.53818,-0.9798,-1.19183,-0.66632,-0.14522,-0.49862,1.15297,0.37057,-0.24944,0.64447,-0.18099,0.59722,0.86672,0.08549,0.42748,-0.25986,-0.40301,0.67537,0.20202,1.29458,0.6026,0.88778,1.25021,-0.49532,0.51674,0.1939,-1.09607,0.07044,0.35394,1.10891,1.08219,1.23524,1.12593,-0.56993,0.91526,0.34282,-0.15573,0.84628,0.31663,0.44119,1.37559,0.18571,0.14328,1.13282,-0.38857,0.40955,0.60453,-0.63276,0.01901,0.91442,1.08153,1.226,0.88825,0.42523,0.1202,-0.70119,0.65543,1.01514,-0.32406,1.70531,1.34558,-0.69827,1.48083,-0.34487,-0.45424,-0.50541,-1.86991,0.42739,3.14377,1.99608]},{"geotype":1,"curve":[1.31984,0.61393,0.7918,1.0542,0.13417,0.5329,0.10775,0.21364,1.37249,0.29087,0.55658,0.68283,-0.77571,0.34573,0.31882,-0.36569,1.38382,0.13159,2.00973,0.69639,0.60025,0.83283,-0.8728,0.18167,-0.57993,0.14507,0.49424,0.56233,0.17487,0.20332,0.57119,-0.26462,-0.6911,-0.45052,-2.13121,-1.13347,-0.68046,-1.45433,-1.11168,-0.56029,-1.78754,-1.50724,-2.50047,-2.11101,-1.44039,-2.24229,-0.60209,-1.34675,-1.36102,-0.64174,-1.6049,-2.13143,-1.70456,-0.89171,0.42929,0.10459,0.18169,0.51705,-0.58507,0.33082,0.30078,0.75095,-0.77546,0.67532,1.42542,-0.40686,1.72367,0.82456,0.20935,0.92283,0.80914,-0.12763,0.53777,-0.58076,1.06486,0.22483,0.57936,2.04321,0.20963,1.35971,0.69438,-0.36835,-1.2599,-1.30111,0.21421,0.3326,0.40238,1.68033,0.43998,0.95023,1.41992,0.63588,-0.12772,-0.14327,0.53266,-0.22915]},{"geotype":1,"curve":[0.8731,0.57266,0.16927,0.50958,0.51865,0.94294,0.78932,0.20848,0.48856,0.7216,0.48849,0.29521,0.25432,0.04707,0.44485,0.76008,0.63278,0.61207,0.4323,0.2402,0.02112,0.06967,0.89718,0.39515,0.32027,0.63993,1.01063,1.05507,0.74498,0.57625,-0.76787,-0.56457,0.27817,0.46989,0.49244,1.60113,0.87382,0.76082,0.65464,-0.88388,-0.83564,0.23,0.41072,0.00455,0.6492,-0.55779,-1.0718,0.18802,-0.7449,-1.01408,-0.55334,-2.12544,-1.03386,-0.47146,-0.81886,-0.27608,-0.79327,-3.20283,-2.03398,-1.09647,-1.32238,0.05939,-0.89447,-0.92189,-1.08604,-1.97234,-1.10291,-1.22098,-0.92386,2.33497,0.35365,-0.3483,0.23543,-1.73469,0.75126,1.47701,1.17931,1.57897,-0.1518,0.86068,1.07886,0.19541,2.21306,-0.70254,0.45907,-0.25168,-0.64521,0.80791,-0.86539,1.96866,0.21733,0.47382,-0.0644,-1.92558,-1.68558,-1.92387]},{"geotype":1,