{"schema":"flowdna.trace/v1","case_id":"WR03_timing_families","t_grid":[100.0,121.39772,147.37406,178.90875,217.19114,263.66509,320.0834,388.57395,471.71991,572.65722,695.1928,843.9482,1024.53386,1243.76073,1509.89716,1832.98071,2225.19677,2701.33812,3279.36286,3981.07171,4832.93024,5867.06707,7122.48558,8646.53503,10496.69629,12742.74986,15469.40765,18779.50802,22797.89436,27676.12371,33598.18286,40787.42759,49515.00669,60110.08864,72972.27645,88586.67904,107542.20761,130553.7869,158489.31925,192402.41828,233572.14691,283551.25835,344224.75957,417881.00603,507298.00907,615848.21107,747625.68016,907600.52168,1101806.33011,1337567.75153,1623776.73919,1971227.92152,2393025.73118,2905078.65051,3526699.21417,4281332.39872,5197439.87087,6309573.4448,7659678.23475,9298674.65261,11288378.91685,13703834.50663,16636142.49384,20195897.50164,24517358.87979,29763514.41631,36132227.56796,43863700.0578,53249531.29838,64643716.3249,78475997.03515,95268070.2902,115653264.17903,140400424.55483,170442912.74532,206913808.11148,251188643.15096,304937282.93873,370186905.58462,449398459.07217,545559478.11685,662296761.71483,804013161.11679,976053637.3079,1184906851.00067,1438449888.28767,1746245352.00162,2119902023.84961,2573512700.01691,3124185713.60267,3792690190.73224,4604239376.75877,5589441576.40337,6785454573.39357,8237387069.57101,10000000000.0],"preprocessing":{"derivative_order":1,"L":0.2,"norm":"zscore","n_points":96},"dtw_window":10,"k":2,"medoids":[[0.22392,1.20707,0.36752,-0.35529,-0.06873,0.50582,0.58532,0.1832,0.59898,0.05431,0.05151,0.94944,0.51167,0.46666,1.42459,0.52331,0.03865,0.47474,-0.48587,-0.2099,0.66494,0.33816,0.42177,1.1216,0.85421,0.77692,0.28529,0.4482,0.61529,0.34343,1.14038,0.27495,0.34472,0.51542,-0.17372,1.02418,0.07107,0.7503,0.1329,-0.84507,0.79495,-0.51491,0.93802,1.26398,-0.44324,0.6087,-0.50351,-0.64746,-0.27965,-0.10316,-0.06092,0.34443,0.59008,-1.31642,-0.50182,-1.39279,-1.90006,-1.65814,-2.53363,-1.21186,-2.09994,-0.98485,-1.35756,-1.49793,-1.05474,-2.13004,-1.34639,-2.38498,-1.65111,-0.05983,-1.55551,-0.63421,-0.05009,-1.24236,1.20464,0.06674,0.57117,1.41158,-0.35004,0.15435,0.07151,-1.11139,2.11443,0.12715,0.40046,1.00231,-1.61017,1.00497,0.93013,-0.19196,2.06331,0.64113,-1.4151,1.27379,2.0304,0.03567],[-0.02276,0.18497,0.97758,0.73475,0.53848,-0.23716,-0.12104,-0.79985,-0.84858,-0.19315,-0.93981,0.28526,0.47393,-0.43849,-0.25536,-0.42025,-1.2114,-0.61378,-1.26643,-2.12645,-1.85128,-1.8626,-1.46727,-1.75965,-1.70263,-1.8916,-1.89733,-1.91722,-1.4438,-1.14489,-1.93092,-1.12682,-0.87677,-1.1014,-0.48758,0.06429,-0.11524,0.52882,-0.27911,0.17252,0.67128,-0.27835,1.11347,0.56138,0.34645,0.89149,0.86456,0.56248,1.09262,0.7333,-0.1839,0.58217,0.05559,0.83355,0.72896,0.96187,0.66464,0.70481,1.3545,-0.25258,0.23572,0.05082,-0.58501,0.79641,0.12445,0.35453,0.93254,-0.06087,1.03178,0.50753,0.85944,0.949,-0.84475,0.29786,0.48209,0.83055,1.34282,-0.34719,1.30737,0.67281,0.44097,3.15169,0.13258,0.13065,-0.47922,-1.14648,-1.10002,-0.25124,1.42846,0.86154,-0.41881,1.20797,0.40111,0.18363,2.5516,0.3494]],"geotype_counts":[27,33],"silhouette":0.2544,"k_table":{"k":[2,3,4,5,6],"silhouette":[0.2544,0.1863,0.1808,0.1563,0.1248],"cost":[330.39,308.38,294.4,283.61,275.12]},"samples":[{"geotype":0,"curve":[0.8731,0.57266,0.16927,0.50958,0.51865,0.94294,0.78932,0.20848,0.48856,0.7216,0.48849,0.29521,0.25432,0.04707,0.44485,0.76008,0.63278,0.61207,0.4323,0.2402,0.02112,0.06967,0.89718,0.39515,0.32027,0.63993,1.01063,1.05507,0.74498,0.57625,-0.76787,-0.56457,0.27817,0.46989,0.49244,1.60113,0.87382,0.76082,0.65464,-0.88388,-0.83564,0.23,0.41072,0.00455,0.6492,-0.55779,-1.0718,0.18802,-0.7449,-1.01408,-0.55334,-2.12544,-1.03386,-0.47146,-0.81886,-0.27608,-0.79327,-3.20283,-2.03398,-1.09647,-1.32238,0.05939,-0.89447,-0.92189,-1.08604,-1.97234,-1.10291,-1.22098,-0.92386,2.33497,0.35365,-0.3483,0.23543,-1.73469,0.75126,1.47701,1.17931,1.57897,-0.1518,0.86068,1.07886,0.19541,2.21306,-0.70254,0.45907,-0.25168,-0.64521,0.80791,-0.86539,1.96866,0.21733,0.47382,-0.0644,-1.92558,-1.68558,-1.92387]},{"geotype":0,"curve":[0.96755,1.11487,0.85548,-0.0208,0.25977,0.37797,0.21508,0.98414,0.60636,0.19448,0.12628,-0.04237,0.38432,0.52432,0.80797,0.69512,-0.05823,0.30166,-0.14416,0.42151,0.51554,0.69032,1.0047,0.58706,0.50783,0.50509,0.385,0.3446,0.99087,-0.48334,0.34589,0.02683,-0.15387,1.38608,0.06772,0.74638,0.65681,-0.0566,0.43128,0.30163,-0.09247,0.09086,0.19437,-0.59712,0.13188,0.22655,-0.85719,-0.41286,-0.83612,-1.35301,0.481,-1.51509,-1.85606,-1.53875,-2.62085,-1.54821,-0.82921,-1.43913,-1.58715,-1.20895,-0.97443,-0.17102,-1.61892,-0.63718,-1.45022,-1.45837,0.77394,0.57465,1.22091,-0.20587,-0.81202,-0.05474,0.87949,1.48004,0.87922,0.24018,-0.82717,-0.20951,0.70866,0.97554,0.51848,0.95782,0.39072,0.81919,1.35444,0.24196,0.50079,-0.76566,-0.71176,-0.25062,0.75242,2.3251,0.9882,0.2004,-2.75489,-4.08341]},{"geotype":0,"curve":[0.55276,0.49497,0.05351,-0.01257,0.07489,0.85496,0.95322,0.58758,0.77194,-0.04521,0.16158,0.81709,0.04462,0.10996,0.57034,-0.03983,0.46572,0.727,0.34716,1.13486,1.02258,1.40391,0.7954,0.59447,-0.32865,0.27867,0.04671,-0.16312,0.33917,0.5528,0.80983,0.55191,0.67563,-0.6654,0.15801,0.24121,0.58351,0.46726,0.3765,-0.0459,-0.28433,1.07864,0.14354,0.37576,0.12897,-1.06225,-0.6681,-0.43337,-1.02461,-0.83334,-1.70427,-1.87802,-1.37383,-1.12067,-0.96743,-1.65588,-1.91454,-2.10801,-1.4212,-1.27443,-0.83223,-1.26857,-2.72157,-2.04518,-1.35896,-1.95191,-0.60424,-0.95521,-0.96071,0.97253,0.26797,0.68852,1.59103,0.57002,0.53952,1.02749,-0.64718,-0.0848,0.70221,-0.52079,2.26993,1.29954,-0.94143,1.18355,-1.779,-0.55114,1.88451,0.08377,1.1346,1.09636,-0.21611,0.22406,0.61982,-0.00611,1.10562,1.86242]},{"geotype":1,"curve":[0.02712,-0.24574,0.09697,-0.13471,0.30769,0.38461,0.53459,1.17743,0.80153,0.73983,-0.16552,-0.4236,0.05113,-0.3817,-0.00616,0.24343,-0.50628,-0.01312,-0.23996,-0.6631,-0.45188,-0.60623,-0.44775,-1.08513,-1.6701,-1.34786,-1.62921,-2.47369,-1.46355,-2.56458,-1.06937,-0.65212,-1.87006,-0.62711,-2.5772,-1.55501,-1.08953,-0.57503,-0.90217,0.58305,0.19811,0.00938,1.25368,0.43742,0.38454,0.22477,0.09691,-0.38459,0.85358,0.12496,-0.2806,1.14729,0.54691,0.94718,2.3873,-0.16456,0.13372,0.7474,-0.7852,0.71448,0.77153,0.10111,0.95851,0.10108,0.01993,0.29168,0.42088,0.50048,1.48755,-0.07308,0.59342,0.64517,0.01261,1.30548,0.44274,0.38845,-0.62101,0.27463,-0.09349,1.23253,1.36218,1.39748,0.64029,-1.04398,0.07284,-0.92837,1.00714,1.70722,0.72301,0.77351,1.12467,1.52924,1.24856,0.38742,-2.30073,-2.56331]},{"geotype":1,"curve":[-0.95455,-0.3835,-0.17004,0.15515,0.10663,-0.29691,-0.18808,-0.11643,0.25766,0.23696,0.29911,-0.40639,-0.43364,-0.16851,-0.5476,-0.19687,-0.86155,-1.22968,-1.65303,-2.31733,-1.28028,-1.99915,-1.37611,-1.33047,-2.05969,-1.07664,-1.56076,-1.13069,-1.08233,-1.72331,-1.37764,-0.81997,-1.01736,-0.28332,-0.16358,0.37606,0.53232,0.60187,-0.22764,-0.15552,0.40537,0.09172,0.78498,-0.1473,1.12489,0.41929,0.72407,0.928,-0.45932,0.23906,-0.1119,0.01018,0.39117,0.79759,1.12421,0.68851,0.59299,-0.0436,-0.05602,0.92939,1.55672,0.79294,0.28129,-0.6369,-1.11709,0.51638,1.68693,0.61118,1.47891,-0.30251,-1.00347,1.35795,-1.98416,1.44384,1.33275,0.18397,1.2679,-0.09314,-0.63822,-0.08772,0.74514,0.6659,0.76671,-0.73311,0.7285,0.3219,-0.1994,1.72141,0.49313,0.70149,0.08772,1.22209,-0.26893,0.57616,4.12168,-0.00843]},{"geotype":1,