{"tD": [100.0, 432.8761281083057, 1873.817422860383, 8111.308307896872, 35111.917342151275, 151991.10829529332, 657933.2246575683, 2848035.868435799, 12328467.39442066, 53366992.31206313, 231012970.0083158, 1000000000.0], "wr_005_1e6": [4.204054996653223, 4.933328850525352, 5.651731218477593, 6.325304051493356, 6.842736590127627, 7.069902008180276, 7.292510619407847, 7.842132433028809, 8.56826074585358, 9.30089081864967, 10.033531792663407, 10.766172465529698], "homog": [2.708373853524321, 3.44005407454468, 4.172472765430701, 4.905062180991428, 5.637691042447436, 6.3703290211394785, 7.102969093198621, 7.835609653337649, 8.56825033592201, 9.300891045437785, 10.033531749484787, 10.766172468302287]}