{"schema":"flowdna.trace/v1","case_id":"WR05_noisy","t_grid":[100.0,121.39772,147.37406,178.90875,217.19114,263.66509,320.0834,388.57395,471.71991,572.65722,695.1928,843.9482,1024.53386,1243.76073,1509.89716,1832.98071,2225.19677,2701.33812,3279.36286,3981.07171,4832.93024,5867.06707,7122.48558,8646.53503,10496.69629,12742.74986,15469.40765,18779.50802,22797.89436,27676.12371,33598.18286,40787.42759,49515.00669,60110.08864,72972.27645,88586.67904,107542.20761,130553.7869,158489.31925,192402.41828,233572.14691,283551.25835,344224.75957,417881.00603,507298.00907,615848.21107,747625.68016,907600.52168,1101806.33011,1337567.75153,1623776.73919,1971227.92152,2393025.73118,2905078.65051,3526699.21417,4281332.39872,5197439.87087,6309573.4448,7659678.23475,9298674.65261,11288378.91685,13703834.50663,16636142.49384,20195897.50164,24517358.87979,29763514.41631,36132227.56796,43863700.0578,53249531.29838,64643716.3249,78475997.03515,95268070.2902,115653264.17903,140400424.55483,170442912.74532,206913808.11148,251188643.15096,304937282.93873,370186905.58462,449398459.07217,545559478.11685,662296761.71483,804013161.11679,976053637.3079,1184906851.00067,1438449888.28767,1746245352.00162,2119902023.84961,2573512700.01691,3124185713.60267,3792690190.73224,4604239376.75877,5589441576.40337,6785454573.39357,8237387069.57101,10000000000.0],"preprocessing":{"derivative_order":1,"L":0.2,"norm":"zscore","n_points":96},"dtw_window":10,"k":2,"medoids":[[-0.06452,1.30721,-0.24026,-1.02989,0.45525,-0.20957,0.56697,1.00808,-0.2127,0.83495,-0.88965,-0.35645,-0.17742,-0.83269,0.08391,-0.75148,0.34063,0.21826,0.1718,0.50633,-0.19456,0.30096,0.10611,0.64151,-0.5654,-0.51832,-0.4546,-1.4882,0.96382,0.27919,0.95377,0.94352,-1.63151,-0.52167,-0.98795,-1.21126,0.45077,-0.24412,0.1403,0.51676,-0.08699,-0.2281,1.04752,-0.37292,0.18849,0.2995,-0.04679,0.57833,-0.09087,-0.27155,-0.82503,-1.25638,-1.31948,0.26223,1.14936,2.01539,2.74622,-0.29382,-1.07345,-1.0734,-0.01957,1.29329,-1.48367,-0.24623,-1.49974,-0.57534,1.6506,-0.09894,-0.06833,-0.67888,-0.79045,0.57461,0.12679,-0.21484,0.10107,-0.35782,2.35161,2.08587,1.56335,1.68802,-1.59839,-0.93356,-2.66114,-2.2873,-0.12048,-0.48046,1.88967,0.34785,1.13937,-0.18949,-0.93796,0.4649,-1.97964,0.52853,1.46561,0.39494],[0.38617,1.23721,1.41532,-0.09392,0.45334,0.23784,-0.74396,0.13055,0.29023,-0.42053,0.16466,0.5097,0.03561,1.4317,0.85897,0.30729,0.21406,-0.23141,-0.239,-0.89642,0.13655,0.41714,0.17201,0.97074,0.38607,-0.31373,-0.30738,-0.43462,0.2188,-0.35761,0.74622,0.25571,-1.09739,0.20995,-1.11397,0.30315,0.88769,-0.09487,0.78281,-0.89957,-0.37648,0.92887,0.05079,0.98574,-0.97234,-1.26363,-0.5412,-0.80446,-0.00894,-1.08966,-0.63098,-1.25217,0.11745,0.39364,0.16445,0.63134,0.56286,0.47767,-0.56473,0.97157,-0.09248,0.50452,0.52961,1.43233,0.43792,0.23008,0.32495,-1.31078,-0.35618,-0.5601,-0.79069,0.23175,0.20902,1.62036,1.3571,0.12771,1.63397,-1.46486,0.1022,0.06864,-0.73132,1.63817,1.86697,0.56518,-1.09855,-0.2436,-0.73876,0.53402,2.39434,-0.20148,-1.86944,0.09988,-0.71273,-1.31707,-3.8853,-4.23033]],"geotype_counts":[46,14],"silhouette":0.1755,"k_table":{"k":[2,3,4,5,6],"silhouette":[0.1755,0.0916,0.063,0.0486,0.0419],"cost":[396.68,378.74,368.45,358.75,349.75]},"samples":[{"geotype":0,"curve":[-1.38701,-0.75406,-0.46924,-0.08133,-0.1029,-0.49177,-0.35327,-0.21411,0.27249,0.30632,0.49804,-0.2001,-0.10485,0.34182,0.08185,0.65086,-0.00954,-0.28202,-0.67418,-1.32556,0.09252,-0.70533,0.11397,0.15321,-0.78974,0.39368,-0.32157,0.10373,0.02531,-0.97853,-0.69547,-0.13609,-0.5994,0.14657,0.12494,0.67824,0.66386,0.62955,-0.59632,-0.63951,0.09788,-0.36821,0.53552,-0.69951,1.0731,0.05618,0.44998,0.7303,-1.2028,-0.19139,-0.64938,-0.49833,0.02137,0.5749,1.00277,0.41723,0.29553,-0.58492,-0.60313,0.76285,1.71027,0.55996,-0.13142,-1.38969,-2.15428,0.20226,1.8873,0.31429,1.54577,-0.92764,-1.98312,1.34483,-3.1726,1.44922,1.32305,-0.27926,1.13545,-0.66315,-1.40229,-0.65182,0.47025,0.39534,0.50194,-1.45133,0.474,-0.04446,-0.73908,1.76385,0.16392,0.41454,-0.38599,1.1944,-0.88316,0.27731,5.11278,-0.56644]},{"geotype":0,"curve":[-0.12854,-1.21868,0.00173,0.2195,-0.31015,-0.66958,-0.5312,0.33009,0.24606,0.94455,0.05265,0.18204,-0.40826,-0.31152,0.53078,-0.49445,0.21138,0.28605,-0.70914,-0.60666,0.33886,-0.01976,0.66131,0.24984,-1.06035,-0.81007,-0.69888,-0.13021,-0.66809,-0.17414,0.33033,-0.41823,1.72546,0.42113,-0.64267,0.5231,-0.7731,0.32907,0.72815,-0.45298,0.01927,-0.97521,-1.19343,0.37131,-0.3019,1.29212,0.24913,0.71999,1.27149,-1.32976,0.13962,-0.34826,-2.18983,-0.47285,-0.08248,1.07904,0.93772,1.16355,1.05472,-1.49399,0.70941,-0.10556,-0.84619,0.63203,-0.13613,0.04167,1.43985,-0.3085,-0.37275,1.08176,-1.20699,-0.03065,0.25324,-1.54816,-0.54894,0.74417,0.9994,1.18732,0.66743,0.06195,-0.44002,-1.59966,0.35511,0.87812,-1.04151,1.86927,1.42429,-1.67213,1.53149,-1.11527,-1.32873,-1.29789,-3.19672,0.01718,3.69063,2.22581]},{"geotype":0,"curve":[0.52745,-0.92289,0.30466,-0.1683,-0.34803,-0.53353,-0.6898,0.78301,-0.31832,-0.40764,0.35112,-0.22063,0.26586,1.00835,0.07379,0.74697,-0.43262,0.29495,0.4583,-1.40745,-0.33561,-0.17417,-1.22563,0.65831,1.59576,-0.34358,0.33919,-0.38783,-0.15096,-0.45418,-1.59434,0.09493,-0.60881,-0.66578,1.50121,0.28848,-0.77034,-0.13983,-0.47924,-1.10688,1.55956,-0.34025,1.38448,0.5277,-1.86665,2.54082,-1.03295,-0.95216,1.52128,-1.75814,0.65019,0.81109,-0.69074,-0.44353,-0.11595,0.63984,-1.07016,0.78027,-1.63396,0.8149,1.89848,-0.20132,1.13369,-0.54211,-0.75182,1.05565,1.0353,-0.10015,-0.0766,-1.2281,-0.51996,-0.7347,0.82215,0.37086,-0.74114,1.67716,-1.67781,1.28471,-0.01191,-1.96998,0.59821,-1.06632,-0.86301,1.93748,-0.91903,0.46846,1.6107,1.56998,2.32066,0.08419,-0.41519,-2.35944,-0.43188,-0.20773,-0.01322,0.23216]},{"geotype":1,"curve":[0.77187,0.37384,-0.1791,0.26638,0.27875,0.83621,0.62363,-0.15172,0.22971,0.55782,0.2332,-0.02659,-0.08714,-0.37052,0.17066,0.63462,0.42504,0.38589,0.15114,-0.1491,-0.40721,-0.32687,0.78229,0.09572,0.00149,0.40251,0.94819,0.95907,0.5131,0.29096,-1.56293,-1.20355,-0.11832,0.11668,0.13881,1.54308,0.6085,0.46217,0.32245,-1.59693,-1.45933,-0.14947,0.15075,-0.25756,0.57155,-0.76965,-1.24257,0.39899,-0.51852,-0.67479,0.04642,-1.50667,-0.13686,0.70425,0.45061,1.11469,0.70853,-2.01294,-0.6974,0.39565,0.07336,1.53564,0.38124,0.22314,-0.14217,-1.33433,-0.53032,-0.87168,-0.7177,3.08939,0.48132,-0.46996,0.1057,-2.43592,0.60803,1.42503,1.0874,1.5393,-0.54333,0.68322,0.98248,-0.13157,2.41817,-1.21545,0.19972,-0.65884,-1.24359,0.60324,-1.47042,2.07368,-0.09848,0.21163,-0.41456,-2.68567,-2.27052,-2.54665]},{"geotype":1,"curve":[-0.35525,-0.65194,-0.26453,-0.49832,-0.00931,0.08621,0.27614,1.01518,0.65386,0.59635,-0.39145,-0.65071,-0.05432,-0.48574,0.01527,0.39282,-0.36499,0.31896,0.18218,-0.16229,0.24812,0.25229,0.62859,0.01722,-0.53323,0.02329,-0.22179,-1.16545,0.09253,-1.29588,0.60671,0.9369,-0.65459,0.78372,-1.90202,-0.70784,-0.28722,0.1863,-0.43935,1.28645,0.51587,0.10505,1.51357,0.36493,0.16744,-0.12717,-0.35709,-1.05829,0.61055,-0.37543,-0.85767,1.00541,0.20463,0.73497,2.71802,-0.76211,-0.36189,0.53665,-1.68506,0.41995,0.50249,-0.46908,0.74912,-0.39867,-0.51281,-0.11394,0.03601,0.14783,1.49837,-0.62566,0.25728,0.32027,-0.54829,1.18468,0.11811,-0.01644,-1.33456,-0.14066,-0.7131,1.15946,1.25807,1.39812,0.3134,-1.93119,-0.441,-1.86523,0.82563,1.7171,0.43933,0.58892,1.01628,1.63138,1.1629,-0.10542,-3.70962,-4.21425]},{"geotype":1,