{"schema":"flowdna.trace/v1","case_id":"WR05_noisy","t_grid":[100.0,121.39772,147.37406,178.90875,217.19114,263.66509,320.0834,388.57395,471.71991,572.65722,695.1928,843.9482,1024.53386,1243.76073,1509.89716,1832.98071,2225.19677,2701.33812,3279.36286,3981.07171,4832.93024,5867.06707,7122.48558,8646.53503,10496.69629,12742.74986,15469.40765,18779.50802,22797.89436,27676.12371,33598.18286,40787.42759,49515.00669,60110.08864,72972.27645,88586.67904,107542.20761,130553.7869,158489.31925,192402.41828,233572.14691,283551.25835,344224.75957,417881.00603,507298.00907,615848.21107,747625.68016,907600.52168,1101806.33011,1337567.75153,1623776.73919,1971227.92152,2393025.73118,2905078.65051,3526699.21417,4281332.39872,5197439.87087,6309573.4448,7659678.23475,9298674.65261,11288378.91685,13703834.50663,16636142.49384,20195897.50164,24517358.87979,29763514.41631,36132227.56796,43863700.0578,53249531.29838,64643716.3249,78475997.03515,95268070.2902,115653264.17903,140400424.55483,170442912.74532,206913808.11148,251188643.15096,304937282.93873,370186905.58462,449398459.07217,545559478.11685,662296761.71483,804013161.11679,976053637.3079,1184906851.00067,1438449888.28767,1746245352.00162,2119902023.84961,2573512700.01691,3124185713.60267,3792690190.73224,4604239376.75877,5589441576.40337,6785454573.39357,8237387069.57101,10000000000.0],"preprocessing":{"derivative_order":1,"L":0.2,"norm":"zscore","n_points":96},"dtw_window":10,"k":2,"medoids":[[-0.27583,-1.01886,0.56799,0.57998,-0.1642,0.03852,-0.71808,-0.45835,0.07227,0.88016,0.11792,-0.61275,-0.79541,-1.76082,-2.03024,-0.43062,-1.07724,-0.09121,0.80301,-1.27687,-0.38343,-1.18455,-1.40275,1.41191,-0.19942,-0.15816,0.012,-1.10329,0.11963,0.75302,0.70658,-1.12635,-0.42054,0.04969,0.0023,1.34305,0.70499,0.03804,-0.92634,0.44328,0.85654,-0.31818,0.45112,-0.85946,-1.32191,0.16423,-0.34619,1.25285,0.42067,-0.49744,-0.17019,-1.7827,0.41606,1.67473,1.13777,1.0289,0.38504,-1.23068,-0.99733,-0.91033,0.62209,0.57961,0.61865,1.3291,-0.26402,-0.92547,0.90528,1.06874,-0.23656,1.12755,0.40184,-1.00795,1.55671,-0.10243,0.00104,-0.11774,-2.03091,-1.23017,-1.48199,0.12616,-0.55393,1.83317,0.1731,2.47179,0.34302,-0.37573,0.25056,-3.0952,0.33378,0.01383,0.8696,0.34857,1.0019,1.00745,1.34057,2.71544],[0.48103,1.52921,-0.02584,-0.42387,0.81047,-0.37515,0.69255,0.24206,-1.24848,0.15609,-0.70704,-0.09266,0.60206,-0.39443,0.15957,0.12372,-0.12993,0.06619,0.06474,-0.45885,-0.93744,-0.39057,-1.02086,-1.14072,-0.25033,-0.21898,-0.06197,0.53339,0.17801,-0.68336,0.4569,-0.12524,-0.44414,0.74406,-0.20378,0.5225,0.96739,-0.24892,-0.21367,0.1536,-0.4416,0.88715,-0.02934,0.37644,0.57968,-0.31014,0.86913,-0.51047,-0.05342,-0.63887,0.06838,0.03366,0.06935,1.30269,0.05519,1.72315,1.33309,-0.91476,-0.0517,-0.92612,-1.5188,1.63104,-0.87835,1.16756,1.22504,0.43426,1.25695,-1.79773,-1.5146,-1.51417,0.18832,0.72485,2.52713,0.09682,-0.28147,0.28395,-2.06063,1.09044,0.19604,0.8945,1.54668,0.1239,0.41161,-0.98409,0.56822,-0.25241,1.18643,2.39313,-0.3805,0.1601,0.47016,-1.40721,-0.0625,-0.99271,-4.00339,-3.03735]],"geotype_counts":[33,27],"silhouette":0.1716,"k_table":{"k":[2,3,4,5,6],"silhouette":[0.1716,0.0996,0.0644,0.0586,0.0547],"cost":[394.2,372.01,359.1,350.21,341.72]},"samples":[{"geotype":0,"curve":[-1.38701,-0.75406,-0.46924,-0.08133,-0.1029,-0.49177,-0.35327,-0.21411,0.27249,0.30632,0.49804,-0.2001,-0.10485,0.34182,0.08185,0.65086,-0.00954,-0.28202,-0.67418,-1.32556,0.09252,-0.70533,0.11397,0.15321,-0.78974,0.39368,-0.32157,0.10373,0.02531,-0.97853,-0.69547,-0.13609,-0.5994,0.14657,0.12494,0.67824,0.66386,0.62955,-0.59632,-0.63951,0.09788,-0.36821,0.53552,-0.69951,1.0731,0.05618,0.44998,0.7303,-1.2028,-0.19139,-0.64938,-0.49833,0.02137,0.5749,1.00277,0.41723,0.29553,-0.58492,-0.60313,0.76285,1.71027,0.55996,-0.13142,-1.38969,-2.15428,0.20226,1.8873,0.31429,1.54577,-0.92764,-1.98312,1.34483,-3.1726,1.44922,1.32305,-0.27926,1.13545,-0.66315,-1.40229,-0.65182,0.47025,0.39534,0.50194,-1.45133,0.474,-0.04446,-0.73908,1.76385,0.16392,0.41454,-0.38599,1.1944,-0.88316,0.27731,5.11278,-0.56644]},{"geotype":0,"curve":[-0.12854,-1.21868,0.00173,0.2195,-0.31015,-0.66958,-0.5312,0.33009,0.24606,0.94455,0.05265,0.18204,-0.40826,-0.31152,0.53078,-0.49445,0.21138,0.28605,-0.70914,-0.60666,0.33886,-0.01976,0.66131,0.24984,-1.06035,-0.81007,-0.69888,-0.13021,-0.66809,-0.17414,0.33033,-0.41823,1.72546,0.42113,-0.64267,0.5231,-0.7731,0.32907,0.72815,-0.45298,0.01927,-0.97521,-1.19343,0.37131,-0.3019,1.29212,0.24913,0.71999,1.27149,-1.32976,0.13962,-0.34826,-2.18983,-0.47285,-0.08248,1.07904,0.93772,1.16355,1.05472,-1.49399,0.70941,-0.10556,-0.84619,0.63203,-0.13613,0.04167,1.43985,-0.3085,-0.37275,1.08176,-1.20699,-0.03065,0.25324,-1.54816,-0.54894,0.74417,0.9994,1.18732,0.66743,0.06195,-0.44002,-1.59966,0.35511,0.87812,-1.04151,1.86927,1.42429,-1.67213,1.53149,-1.11527,-1.32873,-1.29789,-3.19672,0.01718,3.69063,2.22581]},{"geotype":0,"curve":[0.52745,-0.92289,0.30466,-0.1683,-0.34803,-0.53353,-0.6898,0.78301,-0.31832,-0.40764,0.35112,-0.22063,0.26586,1.00835,0.07379,0.74697,-0.43262,0.29495,0.4583,-1.40745,-0.33561,-0.17417,-1.22563,0.65831,1.59576,-0.34358,0.33919,-0.38783,-0.15096,-0.45418,-1.59434,0.09493,-0.60881,-0.66578,1.50121,0.28848,-0.77034,-0.13983,-0.47924,-1.10688,1.55956,-0.34025,1.38448,0.5277,-1.86665,2.54082,-1.03295,-0.95216,1.52128,-1.75814,0.65019,0.81109,-0.69074,-0.44353,-0.11595,0.63984,-1.07016,0.78027,-1.63396,0.8149,1.89848,-0.20132,1.13369,-0.54211,-0.75182,1.05565,1.0353,-0.10015,-0.0766,-1.2281,-0.51996,-0.7347,0.82215,0.37086,-0.74114,1.67716,-1.67781,1.28471,-0.01191,-1.96998,0.59821,-1.06632,-0.86301,1.93748,-0.91903,0.46846,1.6107,1.56998,2.32066,0.08419,-0.41519,-2.35944,-0.43188,-0.20773,-0.01322,0.23216]},{"geotype":1,"curve":[1.52266,0.37998,0.66365,1.08565,-0.39359,0.24839,-0.41589,-0.27392,1.61558,-0.13393,0.27389,0.49007,-1.83389,-0.04835,-0.09269,-1.14864,1.57124,-0.37584,2.59772,0.43758,0.27547,0.64255,-2.07629,-0.3033,-1.50426,-0.34499,0.18595,0.31462,-0.18018,-0.06786,0.5854,-0.50049,-0.90067,-0.41781,-2.56322,-0.89209,-0.05883,-0.83651,-0.15693,0.87263,-0.57698,-0.02533,-1.17923,-0.59446,0.31783,-0.78329,1.33221,0.25954,0.10842,0.92519,-0.61714,-1.58559,-1.20247,-0.34875,1.27255,0.54283,0.38708,0.70506,-1.06275,0.10855,0.00539,0.59288,-1.49281,0.44481,1.56744,-1.11185,1.8748,0.66485,-0.27723,0.79376,0.57599,-0.70377,0.23815,-1.3193,1.04391,-0.18449,0.31466,2.38947,-0.25494,1.45181,0.54075,-1.07004,-2.24077,-2.34016,-0.28753,-0.02821,0.0857,1.80325,0.11075,0.82409,1.41021,0.38137,-0.69565,-0.72217,0.22483,-0.83609]},{"geotype":1,"curve":[0.77187,0.37384,-0.1791,0.26638,0.27875,0.83621,0.62363,-0.15172,0.22971,0.55782,0.2332,-0.02659,-0.08714,-0.37052,0.17066,0.63462,0.42504,0.38589,0.15114,-0.1491,-0.40721,-0.32687,0.78229,0.09572,0.00149,0.40251,0.94819,0.95907,0.5131,0.29096,-1.56293,-1.20355,-0.11832,0.11668,0.13881,1.54308,0.6085,0.46217,0.32245,-1.59693,-1.45933,-0.14947,0.15075,-0.25756,0.57155,-0.76965,-1.24257,0.39899,-0.51852,-0.67479,0.04642,-1.50667,-0.13686,0.70425,0.45061,1.11469,0.70853,-2.01294,-0.6974,0.39565,0.07336,1.53564,0.38124,0.22314,-0.14217,-1.33433,-0.53032,-0.87168,-0.7177,3.08939,0.48132,-0.46996,0.1057,-2.43592,0.60803,1.42503,1.0874,1.5393,-0.54333,0.68322,0.98248,-0.13157,2.41817,-1.21545,0.19972,-0.65884,-1.24359,0.60324,-1.47042,2.07368,-0.09848,0.21163,-0.41456,-2.68567,-2.27052,-2.54665]},{"geotype":1,