{"schema":"flowdna.trace/v1","case_id":"FIELD_horkheim","t_grid":[2.0,2.17995,2.37609,2.58988,2.8229,3.07689,3.35373,3.65548,3.98438,4.34287,4.73362,5.15952,5.62375,6.12974,6.68126,7.2824,7.93763,8.65182,9.43026,10.27874,11.20357,12.2116,13.31033,14.50792,15.81326,17.23605,18.78686,20.47719,22.31962,24.32781,26.51669,28.90252,31.50301,34.33747,37.42697,40.79444,44.46489,48.4656,52.82626,57.57928,62.75994,68.40673,74.56159,81.27022,88.58247,96.55262,105.23989,114.70879,125.02965,136.27912,148.54076,161.90563,176.473,192.35106,209.65774,228.52157,249.08267,271.49375,295.92124,322.54659,351.56754,383.19963,417.6778,455.25813,496.21972,540.86681,589.531,642.57372,700.38893,763.40603,832.09306,906.96016,988.5634,1077.50883,1174.45708,1280.1282,1395.30701,1520.84898,1657.68651,1806.83592,1969.40497,2146.60107,2339.7403,2550.25711,2779.71506,3029.81836,3302.42457,3599.55836,3923.4266,4276.4347,4661.20451,5080.59376,5537.71733,6035.97033,6579.05337,7171.0],"preprocessing":{"derivative_order":1,"L":0.2,"norm":"zscore","n_points":96},"dtw_window":10,"k":2,"medoids":[[0.17939,0.17939,0.16984,0.12681,0.08618,0.04554,-0.2096,-0.47494,-0.48279,-0.03387,0.41506,0.86398,1.36333,1.67954,1.75018,1.2461,0.61811,0.0542,-0.10868,-0.07821,0.0278,0.38754,0.79012,0.70323,0.37938,0.35353,0.37542,0.19576,-0.22203,-0.21443,-0.18904,-0.45771,-0.861,-1.18019,-1.17988,-1.17712,-1.19213,-1.19965,-1.19132,-1.17402,-1.15912,-1.14576,-1.1213,-1.10829,-1.09828,-1.08648,-1.07306,-1.06094,-1.05981,-1.05839,-1.06839,-1.53551,-2.00216,-1.74354,-1.27426,-1.045,-1.02876,-0.55623,-0.08487,-0.31659,-0.31401,-0.07167,0.14058,0.28864,0.43786,0.68557,0.67303,0.60905,0.39606,0.24774,0.08598,-0.19792,-0.39185,-0.32526,-0.00882,-0.01004,0.03782,0.48253,0.65244,0.96754,1.5585,2.06205,2.0262,1.69159,1.7334,1.42093,1.43552,1.87113,2.13336,2.03607,1.56365,1.09268,0.05814,-1.02108,-1.53286,-1.25162],[-1.20264,-1.20264,-1.20264,-1.20264,-1.20264,-1.20264,-1.20264,-1.20264,-1.20264,-1.20264,-1.20264,-1.20264,-1.15839,-1.06201,-0.96562,-0.86923,-0.80361,-0.80361,-0.84785,-0.94424,-1.04063,-1.04789,-0.96808,-0.82265,-0.80361,-0.80361,-0.79183,-0.80614,-0.87676,-0.94738,-0.89161,-0.8168,-0.81539,-0.8902,-0.96501,-0.92948,-0.83141,-0.74652,-0.62676,-0.4938,-0.40457,-0.51491,-0.67824,-0.6945,-0.68402,-0.67349,-0.61912,-0.47552,-0.24327,-0.049,0.12218,0.15464,0.18698,0.2189,0.15255,0.08336,0.09918,0.25659,0.42692,0.59766,0.67892,0.65496,0.56909,0.54432,0.54634,0.54413,0.6227,0.71344,0.98725,1.20756,1.27171,1.28585,1.29369,1.28342,1.09008,0.89402,0.81443,0.88483,1.03382,1.17595,1.19505,1.20633,1.37886,1.48422,1.49614,1.51367,1.63653,1.64853,1.49927,1.6312,1.82872,1.75875,1.53186,1.35488,0.76887,1.5101]],"geotype_counts":[1,13],"silhouette":0.6245,"k_table":{"k":[2,3,4],"silhouette":[0.6245,0.4394,0.1285],"cost":[29.38,23.98,19.79]},"samples":[{"geotype":0,"curve":[0.17939,0.17939,0.16984,0.12681,0.08618,0.04554,-0.2096,-0.47494,-0.48279,-0.03387,0.41506,0.86398,1.36333,1.67954,1.75018,1.2461,0.61811,0.0542,-0.10868,-0.07821,0.0278,0.38754,0.79012,0.70323,0.37938,0.35353,0.37542,0.19576,-0.22203,-0.21443,-0.18904,-0.45771,-0.861,-1.18019,-1.17988,-1.17712,-1.19213,-1.19965,-1.19132,-1.17402,-1.15912,-1.14576,-1.1213,-1.10829,-1.09828,-1.08648,-1.07306,-1.06094,-1.05981,-1.05839,-1.06839,-1.53551,-2.00216,-1.74354,-1.27426,-1.045,-1.02876,-0.55623,-0.08487,-0.31659,-0.31401,-0.07167,0.14058,0.28864,0.43786,0.68557,0.67303,0.60905,0.39606,0.24774,0.08598,-0.19792,-0.39185,-0.32526,-0.00882,-0.01004,0.03782,0.48253,0.65244,0.96754,1.5585,2.06205,2.0262,1.69159,1.7334,1.42093,1.43552,1.87113,2.13336,2.03607,1.56365,1.09268,0.05814,-1.02108,-1.53286,-1.25162]},{"geotype":1,"curve":[-1.61948,-1.61948,-1.57139,-1.3547,-1.15003,-0.94536,-0.93607,-0.93607,-0.95967,-1.06416,-1.16866,-1.27316,-1.18228,-1.08211,-1.01846,-1.07275,-1.17292,-1.27309,-1.37327,-1.47344,-1.4767,-1.28829,-1.054,-0.93607,-0.93607,-0.8398,-0.3617,-0.02098,-0.33658,-0.70993,-0.90732,-0.75287,-1.07715,-1.38944,-1.02653,-0.48952,-0.28139,-0.53211,-0.60386,-0.56473,-0.55794,-0.57863,-0.32845,-0.03551,0.09159,0.09302,0.10486,0.20654,0.55723,0.87587,0.87642,0.86882,0.86649,0.80298,0.49085,0.1794,0.17343,0.18332,0.191,0.45577,0.76377,0.88845,0.89362,0.89322,0.89171,0.66848,0.66202,0.83819,0.88147,0.88054,1.06167,1.3256,1.33078,1.33911,1.56906,1.5665,1.38299,1.07179,0.7573,0.73647,1.05473,1.52442,1.5064,1.4967,1.74578,1.76395,1.30936,0.84267,0.95593,1.28453,1.31473,0.70805,0.26534,-0.35537,-1.02788,-0.47756]},{"geotype":1,"curve":[-0.98901,-0.98901,-0.98901,-0.98901,-0.98901,-0.98901,-1.22283,-1.46777,-1.58952,-1.49654,-1.40355,-1.31056,-0.98376,-0.64583,-0.43109,-0.48149,-0.57448,-0.66747,-0.76045,-0.85344,-0.94643,-0.98901,-0.98901,-0.85375,-0.58138,-0.26525,0.26853,0.8023,0.72682,0.35445,-0.12784,-0.44397,-0.97774,-1.61316,-1.79907,-1.82337,-1.36583,-1.09803,-0.82287,-0.44102,0.00844,0.26984,0.02221,-0.04402,-0.03506,-0.16655,-0.35461,-0.35461,-0.35461,-0.55618,-0.57532,-0.44955,-0.35461,-0.35461,-0.25181,0.02681,0.04092,0.0501,0.23881,0.52101,0.70016,0.70466,0.70946,0.70908,0.70768,0.70734,0.70434,0.70017,0.45845,0.17516,0.23105,0.51039,0.69753,0.7014,0.94178,1.22183,1.16373,1.10044,1.17588,1.30526,1.30036,1.34906,1.59565,1.62438,1.63857,1.78954,2.07641,2.31333,2.26794,2.02548,1.73477,1.1716,0.60708,-0.16467,-0.71442,-0.459]},{"geotype":1,"curve":[-1.35849,-1.35849,-1.35849,-1.35849,-1.35849,-1.35849,-1.35849,-1.35849,-1.35849,-1.35849,-1.35849,-1.35849,-1.27946,-1.1073,-0.93515,-0.8563,-0.8563,-0.81812,-0.71775,-0.7105,-0.77746,-0.8563,-0.82353,-0.65697,-0.63162,-0.75111,-0.8563,-0.80871,-0.63312,-0.6295,-0.79639,-0.8563,-0.74751,-0.58673,-0.58658,-0.58527,-0.41344,-0.35412,-0.46291,-0.5838,-0.57671,-0.5873,-0.79698,-0.8563,-0.49744,-0.14051,-0.03358,-0.01087,0.21099,0.43297,0.29613,0.07526,-0.02373,0.14965,0.37289,0.48195,0.48494,0.55039,0.7753,0.81803,0.5961,0.48822,0.66131,0.81514,0.80951,0.63983,0.41666,0.24447,0.29569,0.30218,0.10501,0.05414,0.27516,0.44797,0.22254,-0.0027,0.01043,0.43645,0.85884,1.28802,1.72045,1.95999,1.92519,1.55155,1.35697,1.15282,1.37573,1.80657,1.833,1.56324,1.43331,1.65882,1.49964,1.60682,2.37827,2.06802]}],"calibration_scores":{"0":[9.18868],"1":[1.1127,2.11842,2.43183,2.5833,3.21592,3.3591]},"assignments":[{"point_prediction":1,"p_values":[0.5,0.7142857142857143],"prediction_set":[0,1],"alpha":0.15,"distances":[9.189172622176127,2.120347960625973],"out_of_catalogue":false,"test_index":0},{"point_prediction":1,"p_values":[1.0,0.14285714285714285],"prediction_set":[0],"alpha":0.15,"distances":[8.073273120941787,3.6197237562638707],"out_of_catalogue":false,"test_index":1},{"point_prediction":1,"p_values":[0.5,0.8571428571428571],"prediction_set":[0,1],"alpha":0.15,"distances":[9.645984934252622,1.2063354907009993],"out_of_catalogue":false,"test_index":2},{"point_prediction":1,"p_values":[0.5,0.42857142857142855],"prediction_set":[0,1],"alpha":0.15,"distances":[11.600291780220875,2.8889254610660293],"out_of_catalogue":false,"test_index":3},{"point_prediction":1,"p_values":[0.5,0.14285714285714285],"prediction_set":[0],"alpha":0.15,"distances":[10.635485565306439,3.637706123355377],"out_of_catalogue":false,"test_index":4},{"point_prediction":1,"p_values":[0.5,0.8571428571428571],"prediction_set":[0,1],"alpha":0.15,"distances":[10.101092199189507,2.058423412975764],"out_of_catalogue":false,"test_index":5},{"point_prediction":1,"p_values":[0.5,0.42857142857142855],"prediction_set":[0,1],"alpha":0.15,"distances":[11.27956558002255,2.6706984226018027],"out_of_catalogue":false,"test_index":6}],"attribution":{"status":"skipped","reason":"fewer than 2 well-populated GeoTypes (1 singleton(s))"},"params_sample":[],"summary":{"coverage":0.7143,"target":0.85,"ood_rate":0.0,"mean_set_size":1.714}}