{"schema":"flowdna.trace/v1","case_id":"REAL_C_highperm","t_grid":[6.10691,6.65846,7.25982,7.91549,8.63038,9.40984,10.25969,11.1863,12.19659,13.29813,14.49916,15.80866,17.23642,18.79314,20.49045,22.34105,24.35879,26.55876,28.95743,31.57273,34.42424,37.53327,40.92311,44.61909,48.64888,53.04263,57.83319,63.05642,68.75139,74.9607,81.7308,89.11235,97.16057,105.93567,115.50329,125.93502,137.30889,149.71,163.23112,177.9734,194.04714,211.57258,230.68085,251.51488,274.23055,298.99779,326.0019,355.44489,387.54704,422.5485,460.71114,502.32045,547.68773,597.15236,651.08442,709.88737,774.00113,843.90536,920.12301,1003.22429,1093.83089,1192.62067,1300.33269,1417.77276,1545.81947,1685.43078,1837.65114,2003.61934,2184.57703,2381.87798,2596.99825,2831.54719,3087.27951,3366.10841,3670.11984,4001.58819,4362.99324,4757.03873,5186.67259,5655.10901,6165.85246,6722.7239,7329.88941,7991.89132,8713.6822,9500.66192,10358.71802,11294.2698,12314.31632,13426.48875,14639.10749,15961.24437,17402.79057,18974.5306,20688.22296,22556.68814],"preprocessing":{"derivative_order":0,"L":0.2,"norm":"zscore","n_points":96},"dtw_window":10,"k":3,"medoids":[[-0.68935,-0.68717,-0.68477,-0.68212,-0.67922,-0.67607,-0.67266,-0.66901,-0.66511,-0.66098,-0.65664,-0.65212,-0.64746,-0.6427,-0.63789,-0.63311,-0.62842,-0.62389,-0.61959,-0.61558,-0.61193,-0.6087,-0.60595,-0.60371,-0.60205,-0.60099,-0.60049,-0.60051,-0.60097,-0.60181,-0.60289,-0.60409,-0.60524,-0.60617,-0.60669,-0.60657,-0.60561,-0.60368,-0.60065,-0.59641,-0.59088,-0.58404,-0.57586,-0.56637,-0.55559,-0.54357,-0.53027,-0.51582,-0.5003,-0.48375,-0.4662,-0.44767,-0.42818,-0.40772,-0.38632,-0.36396,-0.34062,-0.31621,-0.2908,-0.26438,-0.23689,-0.2083,-0.17853,-0.1475,-0.1151,-0.0812,-0.04564,-0.00816,0.03163,0.07382,0.11873,0.16667,0.21802,0.27315,0.33246,0.3964,0.46539,0.53992,0.62085,0.7088,0.80396,0.90693,1.01831,1.13876,1.26899,1.40975,1.56185,1.72617,1.90362,2.09651,2.30538,2.53098,2.77461,3.03764,3.32155,3.62794],[-0.93922,-0.94128,-0.94272,-0.94345,-0.9434,-0.94255,-0.94088,-0.93841,-0.93517,-0.9312,-0.92656,-0.92129,-0.91543,-0.90906,-0.90224,-0.89499,-0.88733,-0.87928,-0.87086,-0.86208,-0.85293,-0.84343,-0.83355,-0.82331,-0.81273,-0.80179,-0.79051,-0.77887,-0.76688,-0.75451,-0.74176,-0.7286,-0.71503,-0.70096,-0.6864,-0.67132,-0.65568,-0.63944,-0.62255,-0.60496,-0.58663,-0.5675,-0.54753,-0.52665,-0.50471,-0.48177,-0.45777,-0.43267,-0.40642,-0.37899,-0.35033,-0.32041,-0.28919,-0.25663,-0.22266,-0.18718,-0.15027,-0.11191,-0.07207,-0.03074,0.0121,0.05646,0.10236,0.14981,0.19883,0.24951,0.30188,0.35586,0.41146,0.46871,0.52762,0.58822,0.65051,0.71452,0.78025,0.84771,0.91707,0.98821,1.06107,1.13566,1.21194,1.28989,1.36948,1.45069,1.53347,1.61776,1.70353,1.79082,1.8794,1.96914,2.05988,2.15145,2.24363,2.33614,2.42869,2.52089],[-1.26019,-1.26775,-1.2733,-1.27671,-1.27794,-1.27699,-1.27396,-1.26894,-1.26197,-1.25329,-1.2431,-1.23153,-1.21868,-1.2046,-1.18935,-1.17294,-1.15538,-1.13668,-1.1168,-1.09562,-1.07324,-1.04966,-1.02488,-0.99891,-0.97177,-0.9435,-0.91415,-0.88376,-0.85241,-0.82016,-0.78705,-0.75328,-0.71894,-0.68415,-0.64901,-0.61361,-0.57803,-0.54235,-0.50662,-0.47084,-0.43502,-0.39908,-0.36296,-0.32653,-0.28966,-0.25218,-0.21393,-0.17471,-0.13437,-0.09274,-0.04968,-0.00497,0.04145,0.08954,0.1393,0.19071,0.24373,0.29829,0.35432,0.41173,0.47044,0.53036,0.59149,0.65364,0.71667,0.78044,0.84478,0.90948,0.97425,1.03878,1.10266,1.16541,1.22646,1.28483,1.33996,1.39106,1.4373,1.47782,1.51175,1.53826,1.55654,1.56585,1.56555,1.55477,1.53255,1.49956,1.45578,1.40138,1.33666,1.26208,1.17823,1.08583,0.98569,0.87874,0.76573,0.648]],"geotype_counts":[123,62,15],"silhouette":0.5754,"k_table":{"k":[2,3,4,5,6],"silhouette":[0.5386,0.5754,0.4298,0.4706,0.437],"cost":[172.77,129.26,106.46,92.92,81.34]},"samples":[{"geotype":0,"curve":[-0.67733,-0.67465,-0.67194,-0.66921,-0.66651,-0.66384,-0.66124,-0.65874,-0.65637,-0.65416,-0.65213,-0.65031,-0.64872,-0.64738,-0.64631,-0.64551,-0.64494,-0.64458,-0.64439,-0.6443,-0.64427,-0.6442,-0.64401,-0.64362,-0.64293,-0.6418,-0.64017,-0.638,-0.63521,-0.63178,-0.62768,-0.62292,-0.6175,-0.61145,-0.60478,-0.59754,-0.5897,-0.58137,-0.57257,-0.56332,-0.55364,-0.54355,-0.53304,-0.52213,-0.51081,-0.49907,-0.4869,-0.47426,-0.46115,-0.44754,-0.4334,-0.41869,-0.40334,-0.3873,-0.37048,-0.35282,-0.33421,-0.31448,-0.29353,-0.27128,-0.24762,-0.22241,-0.19551,-0.16679,-0.1361,-0.10328,-0.06817,-0.03058,0.00994,0.05342,0.10005,0.15007,0.20374,0.26135,0.32321,0.38966,0.46107,0.53784,0.62044,0.71004,0.80655,0.91053,1.02261,1.14344,1.27375,1.41433,1.56603,1.72977,1.90655,2.09796,2.30618,2.53136,2.77494,3.0385,3.32372,3.63244]},{"geotype":0,"curve":[-0.61661,-0.61604,-0.61555,-0.61514,-0.61482,-0.61456,-0.61438,-0.61425,-0.61415,-0.61406,-0.61395,-0.61378,-0.61354,-0.61318,-0.61267,-0.612,-0.61113,-0.61005,-0.60875,-0.60718,-0.60538,-0.60336,-0.60111,-0.59864,-0.59598,-0.59312,-0.59008,-0.58687,-0.58349,-0.57994,-0.57623,-0.57235,-0.56831,-0.56411,-0.55974,-0.55519,-0.55047,-0.54554,-0.54041,-0.53506,-0.52945,-0.52354,-0.51734,-0.51081,-0.50391,-0.4966,-0.48885,-0.48061,-0.47183,-0.46247,-0.45246,-0.44171,-0.43015,-0.41776,-0.40446,-0.39018,-0.37484,-0.35836,-0.34065,-0.32159,-0.30109,-0.27902,-0.25507,-0.22922,-0.20134,-0.17126,-0.13878,-0.1037,-0.06582,-0.02487,0.01939,0.06724,0.11905,0.17558,0.2368,0.30313,0.37499,0.45287,0.53726,0.62874,0.7279,0.83539,0.95192,1.07864,1.21698,1.3671,1.53,1.70677,1.8986,2.10676,2.33263,2.57773,2.84369,3.13227,3.44707,3.79041]},{"geotype":0,"curve":[-0.61826,-0.61772,-0.61727,-0.6169,-0.61661,-0.6164,-0.61625,-0.61616,-0.6161,-0.61604,-0.61596,-0.61582,-0.6156,-0.61526,-0.61478,-0.61413,-0.61329,-0.61223,-0.61092,-0.60939,-0.60762,-0.60563,-0.60342,-0.60101,-0.59839,-0.59559,-0.5926,-0.58945,-0.58613,-0.58263,-0.57898,-0.57517,-0.5712,-0.56707,-0.56277,-0.5583,-0.55364,-0.54879,-0.54373,-0.53843,-0.53286,-0.52702,-0.52087,-0.51438,-0.50752,-0.50024,-0.49251,-0.48427,-0.47549,-0.46609,-0.45597,-0.4451,-0.43343,-0.42089,-0.40741,-0.39291,-0.37731,-0.36053,-0.34246,-0.323,-0.30204,-0.27926,-0.2547,-0.22821,-0.19964,-0.16882,-0.13556,-0.09968,-0.06096,-0.01916,0.02596,0.07478,0.12787,0.18525,0.24728,0.31434,0.38685,0.46526,0.55007,0.6418,0.74104,0.8484,0.96507,1.09202,1.22954,1.3785,1.53988,1.71471,1.90415,2.10941,2.33183,2.57285,2.83404,3.11897,3.42892,3.76516]},{"geotype":1,"curve":[-0.83311,-0.83439,-0.83665,-0.83985,-0.84389,-0.84866,-0.854,-0.85972,-0.86561,-0.87143,-0.87694,-0.88187,-0.8859,-0.8889,-0.8907,-0.89119,-0.8903,-0.888,-0.88431,-0.87929,-0.873,-0.86554,-0.85696,-0.84736,-0.8369,-0.82564,-0.81366,-0.80099,-0.78768,-0.77377,-0.75927,-0.7442,-0.7286,-0.71243,-0.69574,-0.67855,-0.66088,-0.64273,-0.62411,-0.60501,-0.58542,-0.56532,-0.54468,-0.52347,-0.50159,-0.47903,-0.45575,-0.43168,-0.40677,-0.38096,-0.35418,-0.32637,-0.29748,-0.26743,-0.23617,-0.20351,-0.16953,-0.13418,-0.09741,-0.05917,-0.01941,0.02192,0.06485,0.10944,0.15572,0.20381,0.25381,0.30564,0.35934,0.41494,0.47248,0.53199,0.59353,0.65713,0.72282,0.79067,0.86085,0.93338,1.00822,1.0854,1.16498,1.24701,1.33154,1.41862,1.50829,1.60061,1.69562,1.79361,1.89442,1.99802,2.10442,2.2136,2.32554,2.4402,2.55749,2.67731]},{"geotype":1,