{"schema":"flowdna.dfm/v1","case_id":"DFM02_dense","t_grid":[3.24839,3.69376,4.20019,4.77605,5.43087,6.17546,7.02214,7.98491,9.07968,10.32454,11.74008,13.34969,15.17999,17.26124,19.62783,22.31889,25.37891,28.85846,32.81508,37.31417,42.43011,48.24746,54.8624,62.38427,70.93742,80.66325,91.72253,104.29809,118.59781,134.85809,153.34772,174.37235,198.27956,225.46454,256.37671,291.52707,331.4967,376.94633,428.62731,487.39397,554.2178,630.20346,716.60709,814.85702,926.57746,1053.61524,1198.07046,1362.33112,1549.11262,1761.50268,2003.01234,2277.63401,2589.90751,2944.99507,3348.76666,3807.89709,4329.97629,4923.63482,5598.6865,6366.2907,7239.13677,8231.65381,9360.24924,10643.58,12102.86097,13762.2157,15649.07515,17794.63121,20234.35232,23008.56976,26163.14445,29750.22501,33829.10987,38467.22753,43741.25123,49738.36646,56557.71218,64312.01978,73129.47658,83155.84494,94556.87188,107521.02905,122262.62839,139025.36492,158086.34532,179760.66879,204406.636,232431.67219,264299.06237,300535.60993,341740.3453,388594.42857,441872.40983,502455.03336,571343.79729,649677.50949],"preprocessing":{"derivative_order":0,"L":0.2,"norm":"zscore","n_points":96},"dtw_window":10,"k":3,"medoids":[[-0.60668,-0.5988,-0.59093,-0.58306,-0.57518,-0.56731,-0.55943,-0.54649,-0.53274,-0.51899,-0.50524,-0.49171,-0.47819,-0.46467,-0.44794,-0.43094,-0.41276,-0.39264,-0.37226,-0.34951,-0.32664,-0.3022,-0.27894,-0.25645,-0.23491,-0.21471,-0.19842,-0.18286,-0.17232,-0.16515,-0.16224,-0.16415,-0.1726,-0.18596,-0.20311,-0.22272,-0.2474,-0.27264,-0.29852,-0.32641,-0.35184,-0.37703,-0.40125,-0.42224,-0.44167,-0.4585,-0.47288,-0.48521,-0.49441,-0.50185,-0.50758,-0.51113,-0.51331,-0.51401,-0.51366,-0.51256,-0.50923,-0.50514,-0.49996,-0.49322,-0.48538,-0.47606,-0.46554,-0.45406,-0.44039,-0.42548,-0.40911,-0.39071,-0.36979,-0.34655,-0.32083,-0.29206,-0.2584,-0.22085,-0.17877,-0.13052,-0.07684,-0.01314,0.05835,0.137,0.23291,0.34034,0.46164,0.60055,0.76072,0.94472,1.14971,1.37693,1.65115,1.94872,2.30462,2.70048,3.14564,3.66071,4.2168,4.16398],[-0.72793,-0.7134,-0.69887,-0.68433,-0.6698,-0.65527,-0.64074,-0.61319,-0.58359,-0.55399,-0.52439,-0.49037,-0.45609,-0.42181,-0.38076,-0.33912,-0.29549,-0.24859,-0.2014,-0.15116,-0.10075,-0.04977,-0.0027,0.04022,0.07942,0.11492,0.13967,0.16354,0.17628,0.18261,0.18142,0.17129,0.15009,0.12015,0.08407,0.04515,-0.00346,-0.0525,-0.10276,-0.15745,-0.20753,-0.25757,-0.30603,-0.34822,-0.3879,-0.42282,-0.45352,-0.48128,-0.50417,-0.52505,-0.54421,-0.56104,-0.57731,-0.59254,-0.60676,-0.62055,-0.62993,-0.63808,-0.64394,-0.64616,-0.64615,-0.64285,-0.63712,-0.62961,-0.61842,-0.60557,-0.59085,-0.57374,-0.55402,-0.53196,-0.50744,-0.47996,-0.44756,-0.4112,-0.37011,-0.32238,-0.26868,-0.20385,-0.13032,-0.04876,0.05176,0.16485,0.29285,0.43956,0.60869,0.8026,1.01831,1.25713,1.54445,1.85602,2.22793,2.64132,3.10593,3.64324,4.22323,4.16817],[-0.85788,-0.84742,-0.83696,-0.8265,-0.81604,-0.80558,-0.79511,-0.77673,-0.75709,-0.73745,-0.71781,-0.69657,-0.67524,-0.65391,-0.62718,-0.6,-0.57075,-0.53814,-0.50501,-0.46731,-0.42938,-0.38751,-0.34698,-0.30622,-0.26501,-0.22462,-0.18715,-0.14871,-0.11425,-0.08183,-0.05213,-0.02649,-0.00545,0.0108,0.02388,0.03584,0.04106,0.04553,0.04795,0.04537,0.04267,0.03645,0.0277,0.01841,0.00437,-0.01119,-0.02882,-0.05075,-0.07417,-0.10085,-0.13091,-0.16366,-0.20181,-0.24353,-0.28694,-0.33314,-0.37314,-0.41311,-0.44982,-0.47942,-0.50604,-0.52522,-0.53906,-0.54935,-0.55078,-0.54877,-0.54292,-0.53218,-0.51732,-0.49894,-0.47725,-0.45212,-0.42157,-0.3872,-0.34833,-0.303,-0.2525,-0.1909,-0.12109,-0.04385,0.05228,0.16057,0.28388,0.42642,0.59186,0.78327,0.99753,1.23592,1.52533,1.83973,2.21694,2.63681,3.10926,3.6563,4.24703,4.19089]],"geotype_counts":[3,5,8],"silhouette":0.5046,"k_table":{"k":[2,3,4,5],"silhouette":[0.3667,0.5046,0.4676,0.452],"cost":[6.55,4.49,3.59,2.68]},"samples":[{"geotype":0,"curve":[-0.62734,-0.61952,-0.6117,-0.60388,-0.59606,-0.58824,-0.58042,-0.56746,-0.55369,-0.53993,-0.52616,-0.51228,-0.49839,-0.48451,-0.46688,-0.44893,-0.42947,-0.40753,-0.38519,-0.3594,-0.33344,-0.30446,-0.27627,-0.24779,-0.21924,-0.19154,-0.1666,-0.14206,-0.12218,-0.10577,-0.0942,-0.08828,-0.09096,-0.10049,-0.11579,-0.13643,-0.165,-0.19613,-0.22946,-0.26627,-0.30087,-0.3352,-0.36823,-0.39677,-0.42303,-0.44583,-0.46551,-0.48276,-0.49644,-0.50822,-0.51815,-0.52553,-0.53115,-0.53464,-0.53641,-0.53688,-0.53394,-0.52975,-0.52404,-0.5164,-0.50746,-0.49704,-0.48548,-0.47299,-0.45857,-0.44305,-0.42625,-0.40767,-0.38687,-0.36396,-0.3388,-0.31084,-0.27819,-0.24176,-0.20083,-0.15362,-0.10082,-0.0376,0.03374,0.11256,0.2092,0.31766,0.44026,0.58068,0.74254,0.92826,1.13502,1.36403,1.64001,1.93938,2.29715,2.69497,3.14225,3.65967,4.21827,4.16521]},{"geotype":0,"curve":[-0.54132,-0.53296,-0.52459,-0.51623,-0.50786,-0.4995,-0.49113,-0.47761,-0.46327,-0.44893,-0.4346,-0.42155,-0.40858,-0.39561,-0.38129,-0.36685,-0.35237,-0.33783,-0.32346,-0.31025,-0.29711,-0.28677,-0.27878,-0.27463,-0.27387,-0.27545,-0.28336,-0.29204,-0.30553,-0.32117,-0.33851,-0.35773,-0.37759,-0.39764,-0.41678,-0.4326,-0.44747,-0.45932,-0.46893,-0.47738,-0.48266,-0.48704,-0.49042,-0.49236,-0.49365,-0.49425,-0.49429,-0.49389,-0.49283,-0.49136,-0.48945,-0.48684,-0.48371,-0.47984,-0.47535,-0.4704,-0.46409,-0.45723,-0.44962,-0.44096,-0.43151,-0.42098,-0.40955,-0.39738,-0.38344,-0.36846,-0.35225,-0.33429,-0.31411,-0.29181,-0.26723,-0.23981,-0.20765,-0.17167,-0.13118,-0.08447,-0.03225,0.03016,0.10043,0.17795,0.27272,0.37894,0.49889,0.63619,0.79441,0.97601,1.17823,1.40228,1.67246,1.9656,2.31606,2.70583,3.14411,3.65118,4.19862,4.14662]},{"geotype":0,"curve":[-0.60668,-0.5988,-0.59093,-0.58306,-0.57518,-0.56731,-0.55943,-0.54649,-0.53274,-0.51899,-0.50524,-0.49171,-0.47819,-0.46467,-0.44794,-0.43094,-0.41276,-0.39264,-0.37226,-0.34951,-0.32664,-0.3022,-0.27894,-0.25645,-0.23491,-0.21471,-0.19842,-0.18286,-0.17232,-0.16515,-0.16224,-0.16415,-0.1726,-0.18596,-0.20311,-0.22272,-0.2474,-0.27264,-0.29852,-0.32641,-0.35184,-0.37703,-0.40125,-0.42224,-0.44167,-0.4585,-0.47288,-0.48521,-0.49441,-0.50185,-0.50758,-0.51113,-0.51331,-0.51401,-0.51366,-0.51256,-0.50923,-0.50514,-0.49996,-0.49322,-0.48538,-0.47606,-0.46554,-0.45406,-0.44039,-0.42548,-0.40911,-0.39071,-0.36979,-0.34655,-0.32083,-0.29206,-0.2584,-0.22085,-0.17877,-0.13052,-0.07684,-0.01314,0.05835,0.137,0.23291,0.34034,0.46164,0.60055,0.76072,0.94472,1.14971,1.37693,1.65115,1.94872,2.30462,2.70048,3.14564,3.66071,4.2168,4.16398]},{"geotype":1,"curve":[-0.74877,-0.7368,-0.72482,-0.71284,-0.70087,-0.68889,-0.67692,-0.65515,-0.63183,-0.60852,-0.5852,-0.55932,-0.5333,-0.50727,-0.47546,-0.44315,-0.40886,-0.3713,-0.33332,-0.29132,-0.2491,-0.20399,-0.16105,-0.1192,-0.07792,-0.0382,-0.00346,0.03203,0.06167,0.08807,0.11022,0.12655,0.1352,0.13656,0.13236,0.12378,0.10476,0.08224,0.05526,0.02089,-0.01554,-0.0564,-0.10037,-0.14458,-0.19265,-0.24055,-0.28825,-0.33696,-0.38281,-0.42731,-0.47004,-0.50851,-0.54414,-0.57525,-0.60221,-0.62614,-0.64041,-0.65152,-0.6585,-0.66029,-0.65888,-0.65392,-0.6464,-0.63698,-0.62397,-0.60916,-0.59236,-0.57299,-0.55064,-0.52573,-0.49812,-0.46728,-0.43138,-0.39148,-0.34696,-0.29616,-0.23986,-0.1734,-0.09905,-0.0174,0.08191,0.19306,0.31852,0.46221,0.62797,0.81853,1.03095,1.26651,1.55102,1.85979,2.22922,2.64011,3.10218,3.63679,4.21395,4.15913]},{"geotype":1,