{"schema":"flowdna.dfm/v1","case_id":"DFM01_geotypes","t_grid":[3.24839,3.69376,4.20019,4.77605,5.43087,6.17546,7.02214,7.98491,9.07968,10.32454,11.74008,13.34969,15.17999,17.26124,19.62783,22.31889,25.37891,28.85846,32.81508,37.31417,42.43011,48.24746,54.8624,62.38427,70.93742,80.66325,91.72253,104.29809,118.59781,134.85809,153.34772,174.37235,198.27956,225.46454,256.37671,291.52707,331.4967,376.94633,428.62731,487.39397,554.2178,630.20346,716.60709,814.85702,926.57746,1053.61524,1198.07046,1362.33112,1549.11262,1761.50268,2003.01234,2277.63401,2589.90751,2944.99507,3348.76666,3807.89709,4329.97629,4923.63482,5598.6865,6366.2907,7239.13677,8231.65381,9360.24924,10643.58,12102.86097,13762.2157,15649.07515,17794.63121,20234.35232,23008.56976,26163.14445,29750.22501,33829.10987,38467.22753,43741.25123,49738.36646,56557.71218,64312.01978,73129.47658,83155.84494,94556.87188,107521.02905,122262.62839,139025.36492,158086.34532,179760.66879,204406.636,232431.67219,264299.06237,300535.60993,341740.3453,388594.42857,441872.40983,502455.03336,571343.79729,649677.50949],"preprocessing":{"derivative_order":0,"L":0.2,"norm":"zscore","n_points":96},"dtw_window":10,"k":3,"medoids":[[-0.20418,-0.19003,-0.17588,-0.16173,-0.14758,-0.13343,-0.11928,-0.10472,-0.0901,-0.07548,-0.06085,-0.07059,-0.08177,-0.09294,-0.12191,-0.1524,-0.18605,-0.22489,-0.26399,-0.30112,-0.33786,-0.36728,-0.39779,-0.42749,-0.44963,-0.46927,-0.48736,-0.50067,-0.51334,-0.52487,-0.53507,-0.54494,-0.55381,-0.56242,-0.57023,-0.57612,-0.58163,-0.58564,-0.58857,-0.59104,-0.59179,-0.59207,-0.59175,-0.59044,-0.58861,-0.58613,-0.58304,-0.57941,-0.57487,-0.56974,-0.56395,-0.55715,-0.54966,-0.54119,-0.53199,-0.5223,-0.51102,-0.49932,-0.48695,-0.47359,-0.45999,-0.44563,-0.43086,-0.41602,-0.40025,-0.38425,-0.36777,-0.35032,-0.33174,-0.31154,-0.28957,-0.26546,-0.23697,-0.20517,-0.16921,-0.12697,-0.0796,-0.02118,0.04545,0.11951,0.21208,0.3165,0.43538,0.57262,0.73163,0.91515,1.12023,1.3481,1.62418,1.92396,2.28335,2.68337,3.13348,3.65471,4.21762,4.1641],[-0.64867,-0.64224,-0.63581,-0.62938,-0.62295,-0.61652,-0.61009,-0.59991,-0.58913,-0.57835,-0.56758,-0.55737,-0.5472,-0.53703,-0.52397,-0.51066,-0.49609,-0.47947,-0.46249,-0.44242,-0.42219,-0.39888,-0.37585,-0.35182,-0.3268,-0.30185,-0.2775,-0.25269,-0.2299,-0.20864,-0.18986,-0.17438,-0.16419,-0.15889,-0.15786,-0.16145,-0.17222,-0.18662,-0.20471,-0.22763,-0.25249,-0.27948,-0.30769,-0.33468,-0.36177,-0.38675,-0.40946,-0.43018,-0.44679,-0.46087,-0.47236,-0.4801,-0.48525,-0.48743,-0.48744,-0.48588,-0.48023,-0.47333,-0.46481,-0.45417,-0.44248,-0.42931,-0.41518,-0.40052,-0.38438,-0.3678,-0.35057,-0.33231,-0.31304,-0.29237,-0.27021,-0.2463,-0.21863,-0.18806,-0.15372,-0.11342,-0.06808,-0.01162,0.05333,0.12604,0.21803,0.32242,0.44178,0.57996,0.74032,0.92525,1.13171,1.36093,1.63777,1.93814,2.29737,2.69681,3.14586,3.6654,4.2263,4.17303],[-0.7306,-0.72155,-0.71249,-0.70344,-0.69439,-0.68534,-0.67629,-0.66073,-0.64413,-0.62753,-0.61094,-0.59325,-0.57549,-0.55774,-0.53495,-0.51173,-0.48642,-0.4577,-0.42839,-0.39403,-0.35941,-0.31987,-0.28096,-0.24062,-0.19883,-0.15723,-0.11688,-0.0756,-0.03754,-0.00169,0.03067,0.05816,0.07825,0.0912,0.09811,0.09877,0.08831,0.07227,0.04995,0.01906,-0.01697,-0.05829,-0.10353,-0.14948,-0.19838,-0.24573,-0.29112,-0.33513,-0.37375,-0.40933,-0.44176,-0.46924,-0.49393,-0.5152,-0.53386,-0.55088,-0.56163,-0.57076,-0.5773,-0.58012,-0.58084,-0.57848,-0.57382,-0.56749,-0.55743,-0.54557,-0.53166,-0.51504,-0.49543,-0.47319,-0.44825,-0.42008,-0.38682,-0.34953,-0.30755,-0.25913,-0.20497,-0.14021,-0.06717,0.01353,0.11248,0.22359,0.34923,0.49319,0.65919,0.84968,1.06173,1.29663,1.57953,1.88637,2.25287,2.66031,3.11831,3.64802,4.21984,4.16554]],"geotype_counts":[1,6,9],"silhouette":0.5086,"k_table":{"k":[2,3,4,5],"silhouette":[0.4902,0.5086,0.4711,0.3985],"cost":[5.75,4.08,3.21,2.5]},"samples":[{"geotype":0,"curve":[-0.20418,-0.19003,-0.17588,-0.16173,-0.14758,-0.13343,-0.11928,-0.10472,-0.0901,-0.07548,-0.06085,-0.07059,-0.08177,-0.09294,-0.12191,-0.1524,-0.18605,-0.22489,-0.26399,-0.30112,-0.33786,-0.36728,-0.39779,-0.42749,-0.44963,-0.46927,-0.48736,-0.50067,-0.51334,-0.52487,-0.53507,-0.54494,-0.55381,-0.56242,-0.57023,-0.57612,-0.58163,-0.58564,-0.58857,-0.59104,-0.59179,-0.59207,-0.59175,-0.59044,-0.58861,-0.58613,-0.58304,-0.57941,-0.57487,-0.56974,-0.56395,-0.55715,-0.54966,-0.54119,-0.53199,-0.5223,-0.51102,-0.49932,-0.48695,-0.47359,-0.45999,-0.44563,-0.43086,-0.41602,-0.40025,-0.38425,-0.36777,-0.35032,-0.33174,-0.31154,-0.28957,-0.26546,-0.23697,-0.20517,-0.16921,-0.12697,-0.0796,-0.02118,0.04545,0.11951,0.21208,0.3165,0.43538,0.57262,0.73163,0.91515,1.12023,1.3481,1.62418,1.92396,2.28335,2.68337,3.13348,3.65471,4.21762,4.1641]},{"geotype":1,"curve":[-0.58206,-0.57268,-0.56329,-0.55391,-0.54453,-0.53514,-0.52576,-0.50984,-0.4929,-0.47595,-0.459,-0.44204,-0.42508,-0.40812,-0.38826,-0.36816,-0.34735,-0.32539,-0.30341,-0.28107,-0.2587,-0.23784,-0.2195,-0.2048,-0.19374,-0.18556,-0.18521,-0.18644,-0.19504,-0.20776,-0.22472,-0.24612,-0.27164,-0.29953,-0.32815,-0.35414,-0.38058,-0.40338,-0.42335,-0.44216,-0.45581,-0.46809,-0.4787,-0.4866,-0.49336,-0.49875,-0.50298,-0.50634,-0.50831,-0.50948,-0.50983,-0.50899,-0.50736,-0.50469,-0.50122,-0.4972,-0.4914,-0.48504,-0.47785,-0.46947,-0.4604,-0.45025,-0.43928,-0.4277,-0.41451,-0.40044,-0.38529,-0.3685,-0.34967,-0.32875,-0.30557,-0.27956,-0.24868,-0.21387,-0.1744,-0.12844,-0.07677,-0.01448,0.056,0.13399,0.22983,0.33752,0.45937,0.59906,0.76023,0.94526,1.15129,1.37957,1.6546,1.95291,2.30923,2.70534,3.15058,3.66552,4.22139,4.16862]},{"geotype":1,"curve":[-0.64867,-0.64224,-0.63581,-0.62938,-0.62295,-0.61652,-0.61009,-0.59991,-0.58913,-0.57835,-0.56758,-0.55737,-0.5472,-0.53703,-0.52397,-0.51066,-0.49609,-0.47947,-0.46249,-0.44242,-0.42219,-0.39888,-0.37585,-0.35182,-0.3268,-0.30185,-0.2775,-0.25269,-0.2299,-0.20864,-0.18986,-0.17438,-0.16419,-0.15889,-0.15786,-0.16145,-0.17222,-0.18662,-0.20471,-0.22763,-0.25249,-0.27948,-0.30769,-0.33468,-0.36177,-0.38675,-0.40946,-0.43018,-0.44679,-0.46087,-0.47236,-0.4801,-0.48525,-0.48743,-0.48744,-0.48588,-0.48023,-0.47333,-0.46481,-0.45417,-0.44248,-0.42931,-0.41518,-0.40052,-0.38438,-0.3678,-0.35057,-0.33231,-0.31304,-0.29237,-0.27021,-0.2463,-0.21863,-0.18806,-0.15372,-0.11342,-0.06808,-0.01162,0.05333,0.12604,0.21803,0.32242,0.44178,0.57996,0.74032,0.92525,1.13171,1.36093,1.63777,1.93814,2.29737,2.69681,3.14586,3.6654,4.2263,4.17303]},{"geotype":1,"curve":[-0.64259,-0.63411,-0.62562,-0.61714,-0.60866,-0.60017,-0.59169,-0.57739,-0.56217,-0.54694,-0.53172,-0.51607,-0.5004,-0.48472,-0.465,-0.44493,-0.4233,-0.3991,-0.37452,-0.34654,-0.31839,-0.28756,-0.25785,-0.22841,-0.19951,-0.17192,-0.14827,-0.12541,-0.10839,-0.09555,-0.08833,-0.08748,-0.096,-0.11169,-0.13329,-0.15987,-0.19426,-0.23061,-0.26859,-0.30964,-0.34752,-0.3846,-0.41981,-0.44964,-0.47617,-0.49826,-0.51619,-0.5304,-0.53972,-0.54616,-0.54986,-0.55028,-0.54847,-0.54448,-0.53911,-0.53273,-0.52416,-0.51492,-0.50478,-0.49342,-0.48136,-0.4682,-0.45421,-0.43962,-0.42339,-0.40637,-0.38835,-0.36884,-0.34763,-0.32459,-0.29962,-0.27236,-0.24089,-0.20622,-0.1676,-0.12314,-0.07378,-0.01412,0.05341,0.12812,0.22084,0.32532,0.44414,0.58125,0.74016,0.92356,1.12851,1.35627,1.63207,1.93151,2.29025,2.68934,3.13822,3.65774,4.21867,4.16538]},{"geotype":2,