{"schema":"flowdna.trace/v1","case_id":"REAL_B_midperm","t_grid":[2.63429,2.74198,2.85408,2.97075,3.0922,3.21861,3.35019,3.48715,3.62971,3.7781,3.93255,4.09331,4.26065,4.43483,4.61613,4.80484,5.00127,5.20573,5.41854,5.64006,5.87063,6.11062,6.36043,6.62045,6.8911,7.17282,7.46605,7.77127,8.08896,8.41965,8.76385,9.12213,9.49505,9.88321,10.28725,10.7078,11.14555,11.60119,12.07545,12.56911,13.08295,13.61779,14.1745,14.75396,15.35712,15.98493,16.63841,17.31861,18.02661,18.76355,19.53062,20.32905,21.16012,22.02517,22.92558,23.8628,24.83833,25.85375,26.91067,28.01081,29.15591,30.34783,31.58848,32.87985,34.22401,35.62312,37.07942,38.59526,40.17307,41.81539,43.52484,45.30418,47.15625,49.08404,51.09065,53.17928,55.3533,57.61619,59.9716,62.42329,64.97521,67.63146,70.3963,73.27416,76.26968,79.38766,82.6331,86.01122,89.52743,93.1874,96.99699,100.96231,105.08975,109.38592,113.85771,118.51232],"preprocessing":{"derivative_order":0,"L":0.2,"norm":"zscore","n_points":96},"dtw_window":10,"k":2,"medoids":[[-0.84798,-0.86668,-0.88537,-0.90102,-0.91574,-0.92886,-0.93943,-0.94997,-0.95643,-0.96289,-0.96688,-0.96942,-0.97106,-0.97,-0.96893,-0.96507,-0.96078,-0.95511,-0.94801,-0.94063,-0.93107,-0.92152,-0.91039,-0.89869,-0.88631,-0.87271,-0.8591,-0.84378,-0.82842,-0.81206,-0.79502,-0.77763,-0.75895,-0.74026,-0.72017,-0.69981,-0.67865,-0.65655,-0.63431,-0.6104,-0.58648,-0.56122,-0.5354,-0.50892,-0.48108,-0.45324,-0.42339,-0.39342,-0.36219,-0.33,-0.29736,-0.26284,-0.22831,-0.1918,-0.15483,-0.11676,-0.07725,-0.0376,0.00454,0.04669,0.09067,0.13554,0.18124,0.22891,0.27659,0.32691,0.37746,0.42961,0.48312,0.53711,0.59363,0.65015,0.70907,0.76866,0.8295,0.89221,0.955,1.02087,1.08675,1.15471,1.2238,1.29378,1.36615,1.43853,1.51388,1.5896,1.66708,1.74624,1.82586,1.90858,1.9913,2.0768,2.16323,2.25112,2.34146,2.43181],[0.3424,0.40637,0.47008,0.53305,0.59603,0.65727,0.71827,0.77773,0.83563,0.89303,0.9466,1.00018,1.04955,1.09744,1.14276,1.18353,1.22431,1.25665,1.28884,1.31498,1.33713,1.35673,1.36749,1.37826,1.37838,1.37657,1.36844,1.35312,1.33656,1.30717,1.27778,1.23832,1.19474,1.14661,1.08924,1.03188,0.96233,0.89217,0.81559,0.73422,0.6511,0.5607,0.4703,0.37474,0.27801,0.17986,0.0799,-0.02007,-0.11993,-0.21978,-0.31727,-0.41364,-0.50799,-0.59765,-0.6873,-0.76816,-0.84827,-0.92196,-0.99024,-1.05632,-1.11117,-1.16603,-1.20967,-1.25025,-1.28496,-1.31112,-1.33689,-1.34912,-1.36135,-1.36517,-1.36444,-1.36055,-1.34812,-1.33569,-1.31405,-1.29129,-1.26392,-1.23216,-1.19935,-1.15973,-1.12012,-1.07526,-1.0287,-0.97977,-0.92689,-0.87402,-0.81523,-0.75642,-0.69403,-0.62944,-0.56346,-0.49306,-0.42266,-0.34712,-0.27077,-0.19142]],"geotype_counts":[171,29],"silhouette":0.8626,"k_table":{"k":[2,3,4,5,6],"silhouette":[0.8626,0.7981,0.7818,0.7983,0.7559],"cost":[247.18,178.56,142.5,122.66,104.76]},"samples":[{"geotype":0,"curve":[0.82702,0.79762,0.76136,0.72509,0.67894,0.63252,0.58059,0.52492,0.46754,0.40397,0.3404,0.2717,0.202,0.13048,0.0568,-0.01701,-0.09228,-0.16755,-0.24215,-0.31647,-0.38968,-0.46054,-0.53141,-0.59681,-0.66189,-0.72257,-0.77986,-0.83542,-0.8834,-0.93137,-0.97101,-1.00866,-1.04169,-1.06856,-1.0949,-1.11107,-1.12724,-1.13656,-1.14252,-1.14574,-1.14232,-1.1389,-1.12781,-1.11599,-1.10024,-1.08105,-1.06087,-1.03527,-1.00967,-0.97971,-0.94851,-0.91531,-0.8791,-0.8428,-0.80199,-0.76118,-0.71756,-0.67237,-0.62605,-0.57654,-0.52703,-0.47365,-0.41976,-0.36359,-0.30517,-0.24616,-0.18302,-0.11988,-0.05304,0.01505,0.08506,0.15836,0.23166,0.31037,0.38913,0.47137,0.55584,0.6417,0.73212,0.82254,0.91825,1.01486,1.11451,1.21752,1.32116,1.43077,1.54038,1.65484,1.77121,1.88993,2.01322,2.13651,2.26656,2.39689,2.53136,2.66882]},{"geotype":0,"curve":[-0.85516,-0.86953,-0.8839,-0.89582,-0.90696,-0.91681,-0.92457,-0.93232,-0.93669,-0.94106,-0.9434,-0.94452,-0.9449,-0.94301,-0.94113,-0.93688,-0.93227,-0.92648,-0.91947,-0.91221,-0.90307,-0.89393,-0.88341,-0.87239,-0.86076,-0.84804,-0.83531,-0.82105,-0.80674,-0.79152,-0.77568,-0.75951,-0.74215,-0.72479,-0.70613,-0.68721,-0.66755,-0.64702,-0.62634,-0.6041,-0.58186,-0.55835,-0.53431,-0.50964,-0.48368,-0.45773,-0.42985,-0.40186,-0.37266,-0.34252,-0.31196,-0.27954,-0.24713,-0.21277,-0.17794,-0.14202,-0.10465,-0.06715,-0.02708,0.01298,0.05495,0.09785,0.14164,0.18754,0.23345,0.28226,0.33134,0.38221,0.43465,0.48765,0.54365,0.59965,0.65858,0.71836,0.77974,0.84355,0.90743,0.97553,1.04363,1.11468,1.18738,1.26139,1.33905,1.4167,1.49909,1.58211,1.66806,1.75689,1.84652,1.9417,2.03688,2.13727,2.23942,2.34441,2.45425,2.56409]},{"geotype":0,"curve":[-0.76442,-0.78882,-0.81314,-0.83403,-0.85491,-0.87321,-0.89007,-0.90578,-0.9183,-0.93083,-0.93946,-0.94758,-0.95353,-0.95736,-0.96068,-0.9605,-0.96031,-0.9574,-0.95356,-0.94854,-0.94146,-0.93439,-0.92451,-0.9146,-0.90318,-0.89079,-0.87788,-0.86329,-0.8487,-0.83241,-0.81582,-0.79834,-0.77987,-0.76123,-0.74093,-0.72064,-0.69903,-0.6769,-0.65414,-0.63013,-0.60613,-0.58025,-0.55429,-0.52715,-0.49915,-0.47072,-0.44058,-0.41043,-0.37844,-0.34605,-0.31261,-0.27786,-0.24296,-0.20575,-0.16855,-0.12959,-0.08983,-0.04925,-0.00683,0.03558,0.08055,0.1257,0.17242,0.2204,0.26888,0.31976,0.37064,0.42387,0.47771,0.53281,0.58968,0.64665,0.70659,0.76653,0.82852,0.89158,0.95552,1.02174,1.08795,1.15705,1.22646,1.29757,1.37022,1.44334,1.51928,1.59522,1.67372,1.75302,1.83364,1.91637,1.99912,2.08541,2.17169,2.26031,2.35031,2.44128]},{"geotype":1,"curve":[-0.59078,-0.53088,-0.46943,-0.4078,-0.34387,-0.27995,-0.21463,-0.14869,-0.08229,-0.01491,0.05248,0.12056,0.1887,0.25679,0.32485,0.39273,0.45976,0.5268,0.59214,0.65705,0.72056,0.78212,0.8435,0.90037,0.95724,1.01006,1.06079,1.10938,1.15246,1.19554,1.23034,1.26424,1.29254,1.31576,1.33722,1.34836,1.3595,1.36047,1.35833,1.3507,1.33437,1.31791,1.28685,1.25578,1.2154,1.16954,1.12008,1.05989,0.9997,0.92798,0.85455,0.77544,0.69048,0.60447,0.5103,0.41613,0.31727,0.21673,0.11507,0.01141,-0.09224,-0.19553,-0.29882,-0.39976,-0.49914,-0.59692,-0.68906,-0.7812,-0.86478,-0.94674,-1.02293,-1.09239,-1.16066,-1.216,-1.27133,-1.31611,-1.35646,-1.3919,-1.41718,-1.44246,-1.45395,-1.46469,-1.46773,-1.46495,-1.45985,-1.44487,-1.42988,-1.40616,-1.3804,-1.35056,-1.31539,-1.27977,-1.23635,-1.19293,-1.14457,-1.09383]},{"geotype":1,"curve":[0.90619,0.96296,1.0193,1.0705,1.1217,1.16797,1.21212,1.25353,1.28913,1.32473,1.35087,1.37643,1.39555,1.40967,1.42145,1.42288,1.42432,1.41475,1.40251,1.38418,1.35764,1.3304,1.28935,1.24829,1.19773,1.14247,1.08334,1.01476,0.94618,0.86683,0.78644,0.70087,0.61076,0.51956,0.42238,0.32519,0.22492,0.12376,0.02235,-0.07944,-0.18117,-0.28011,-0.37905,-0.47404,-0.56681,-0.65719,-0.74078,-0.82438,-0.89772,-0.96969,-1.03492,-1.09347,-1.15024,-1.19434,-1.23844,-1.27156,-1.30092,-1.32502,-1.34,-1.35498,-1.35665,-1.35814,-1.35218,-1.34142,-1.32816,-1.30653,-1.2849,-1.25518,-1.22404,-1.18898,-1.14955,-1.10943,-1.06266,-1.0159,-0.9644,-0.911,-0.85552,-0.79592,-0.73632,-0.67095,-0.60532,-0.53621,-0.46455,-0.39166,-0.31382,-0.23598,-0.15286,-0.06859,0.01867,0.10968,0.20115,0.29927,0.39739,0.50062,0.6062,0.71419]},{"geotype":1,"curve":[0.7054,0.76364,0.82016,0.87669,0.93059,0.98372,1.03492,1.08319,1.13135,1.17322,1.21508,1.25187,1.28579,1.31724,1.34167,1.3661,1.38092,1.39444,1.40185,1.4032,1.40292,1.39107,1.37923,1.35707,1.33136,1.30049,1.26066,1.22083,1.16731,1.1136,1.05195,0.98517,0.91572,0.83727,0.75882,0.67214,0.58401,0.49251,0.39724,0.30157,0.20213,0.10268,0.0026,-0.09774,-0.19725,-0.2951,-0.39296,-0.48529,-0.57738,-0.66442,-0.74776,-0.82888,-0.90102,-0.97317,-1.03464,-1.09377,-1.14668,-1.19171,-1.23583,-1.26641,-1.29699,-1.3179,-1.33434,-1.34672,-1.34984,-1.35297,-1.34488,-1.33588,-1.32099,-1.30123,-1.27988,-1.25069,-1.2215,-1.18582,-1.14841,-1.10803,-1.06338,-1.01852,-0.96732,-0.91613,-0.86095,-0.80365,-0.74473,-0.68152,-0.61831,-0.5498,-0.48068,-0.40842,-0.33324,-0.25719,-0.17569,-0.0942,-0.00767,0.08045,0.17124,0.26635]}],