{"schema":"flowdna.trace/v1","case_id":"FIELD_lauswiesen","t_grid":[1.0,1.09646,1.20223,1.31819,1.44535,1.58477,1.73763,1.90525,2.08903,2.29054,2.51148,2.75374,3.01937,3.31062,3.62997,3.98012,4.36404,4.785,5.24656,5.75265,6.30756,6.91599,7.58311,8.31458,9.11661,9.996,10.96023,12.01746,13.17667,14.4477,15.84133,17.3694,19.04486,20.88194,22.89623,25.10482,27.52644,30.18166,33.09301,36.28518,39.78527,43.62299,47.83089,52.44469,57.50354,63.05037,69.13225,75.80079,83.11259,91.12968,99.92011,109.55848,120.12656,131.71405,144.41927,158.35005,173.62461,190.37255,208.73602,228.87083,250.94786,275.15446,301.69605,330.79785,362.70683,397.69378,436.05559,478.1178,524.23737,574.80565,630.25179,691.0463,757.70509,830.79383,910.93276,998.80195,1095.14705,1200.78567,1316.61427,1443.61576,1582.86791,1735.5524,1902.96495,2086.52623,2287.79395,2508.47609,2750.44537,3015.75518,3306.65694,3625.61929,3975.34896,4358.81379,4779.26789,5240.27927,5745.76013,6300.0],"preprocessing":{"derivative_order":1,"L":0.2,"norm":"zscore","n_points":96},"dtw_window":10,"k":2,"medoids":[[-1.28872,-1.28872,-1.28872,-1.28872,-1.28872,-1.28872,-1.28872,-1.28872,-1.28872,-1.28872,-1.28872,-1.28872,-1.28872,-1.09344,-0.88699,-0.78845,-0.78845,-0.70734,-0.55969,-0.7336,-0.94005,-0.97303,-0.54022,-0.1368,0.20819,0.34875,1.1907,1.39716,1.65276,0.64179,0.94916,0.82578,-0.01618,-0.0239,-0.71437,-0.08356,-0.58944,-1.18236,-0.42116,-0.75591,-0.75668,-0.8555,-0.72419,-0.21214,-1.02641,-0.70827,-0.67594,-0.83789,-1.18134,-0.63343,-0.16741,-0.41508,-0.44458,0.21207,-0.32767,-0.62563,-0.42666,0.18604,-0.28819,-0.28819,0.37466,0.68135,0.00333,-0.42135,0.31212,-0.28819,0.08813,0.74331,0.76818,0.63474,0.81238,0.56225,0.88128,0.4069,0.75355,1.28074,0.7283,1.86293,1.78655,1.16555,1.83614,1.39044,1.48484,1.00743,0.83873,0.76464,1.39734,1.02879,1.72479,1.78755,1.86824,2.52772,0.65442,0.84668,-1.59664,0.97323],[-0.85361,-0.85361,-0.85361,-0.85361,-0.85361,-0.85361,-0.85361,-0.85361,-0.85361,-0.84124,-0.69809,-0.55272,-0.40735,-0.57676,-0.76417,-0.74609,-0.65987,-0.70038,-0.84947,-0.94846,-0.79435,-0.52298,-0.74875,-0.85361,-0.8499,-0.5815,-0.5482,-0.85001,-0.68282,-0.8213,-0.82609,-0.17243,-0.57811,-0.17243,-0.34322,-0.20474,-0.19995,-0.85361,-0.20281,-0.25723,-0.21583,-0.76047,-0.6496,-0.68803,-0.87167,-1.50023,-1.26433,-0.71969,-0.81614,-0.56508,-0.8082,-0.57632,-0.93326,-1.08068,-0.90744,-0.77523,-0.26256,-0.37586,0.13428,0.2817,0.24328,-0.2508,-0.26664,0.21266,-0.17243,0.41794,0.11682,0.50876,0.87477,0.62129,1.17834,0.75803,0.97852,1.20669,0.37252,0.75953,0.70203,1.03151,1.21387,1.03697,1.64407,1.71841,1.46242,1.39355,1.57345,1.82572,1.14454,1.47892,1.28077,1.75836,1.86461,1.68949,2.50691,2.10602,2.71127,2.14361]],"geotype_counts":[1,7],"silhouette":0.4181,"k_table":{"k":[2,3,4],"silhouette":[0.4181,0.1859,0.1168],"cost":[15.7,11.69,9.08]},"samples":[{"geotype":0,"curve":[-1.28872,-1.28872,-1.28872,-1.28872,-1.28872,-1.28872,-1.28872,-1.28872,-1.28872,-1.28872,-1.28872,-1.28872,-1.28872,-1.09344,-0.88699,-0.78845,-0.78845,-0.70734,-0.55969,-0.7336,-0.94005,-0.97303,-0.54022,-0.1368,0.20819,0.34875,1.1907,1.39716,1.65276,0.64179,0.94916,0.82578,-0.01618,-0.0239,-0.71437,-0.08356,-0.58944,-1.18236,-0.42116,-0.75591,-0.75668,-0.8555,-0.72419,-0.21214,-1.02641,-0.70827,-0.67594,-0.83789,-1.18134,-0.63343,-0.16741,-0.41508,-0.44458,0.21207,-0.32767,-0.62563,-0.42666,0.18604,-0.28819,-0.28819,0.37466,0.68135,0.00333,-0.42135,0.31212,-0.28819,0.08813,0.74331,0.76818,0.63474,0.81238,0.56225,0.88128,0.4069,0.75355,1.28074,0.7283,1.86293,1.78655,1.16555,1.83614,1.39044,1.48484,1.00743,0.83873,0.76464,1.39734,1.02879,1.72479,1.78755,1.86824,2.52772,0.65442,0.84668,-1.59664,0.97323]},{"geotype":1,"curve":[-0.78638,-0.78638,-0.78638,-0.78638,-0.78638,-0.78638,-0.78638,-0.78638,-0.78638,-0.78638,-0.78638,-0.78638,-0.78638,-0.78638,-0.78638,-0.78638,-0.78638,-0.78638,-0.78778,-0.88849,-0.95678,-0.95678,-0.95678,-0.96768,-1.27898,-1.1334,-0.78638,-0.78638,-0.85047,-0.80822,-0.61941,-0.33727,-0.61599,-0.61599,-0.5519,-0.36761,-0.31386,-0.44559,-0.62675,-0.61599,-0.61599,-0.73112,-0.42069,-0.61599,-0.60523,-0.2752,-0.31245,-0.3757,-0.61599,-0.51809,-0.24012,-0.44559,-0.23794,-0.08418,0.34725,0.56573,0.54171,0.0656,-0.07072,-0.12542,-0.38645,-0.53243,-0.15693,0.40639,0.70145,0.45904,0.03152,0.23599,0.07429,-0.1048,-0.0702,0.28558,0.27007,0.54271,0.24535,0.74718,0.36692,0.64494,1.42877,0.84631,1.32749,0.8762,1.2749,0.98574,1.15613,1.32964,1.21796,1.12935,1.76956,2.30749,2.21259,2.28075,2.62691,2.96233,3.26905,2.43175]},{"geotype":1,"curve":[-1.0235,-1.0235,-1.0235,-1.0235,-1.0235,-1.0235,-1.0235,-1.0235,-1.0235,-1.0235,-1.0235,-1.0235,-1.0235,-0.75859,-0.47852,-0.22539,0.00313,-0.03912,-0.3062,-0.60976,-0.74167,-0.6941,-0.91903,-0.87678,-0.60971,-0.57106,-0.51279,-0.95005,-0.57106,-0.57106,-0.57106,-0.57106,-0.72922,-0.4019,-0.57106,-0.57106,-0.57106,-0.57106,-0.51706,-0.74766,-0.79728,-0.79728,-0.98906,-0.88777,-0.67332,-0.6335,-0.5087,-0.11862,0.07316,-0.1003,-0.79728,-0.09489,-0.18099,-0.28173,0.25294,0.29505,0.18336,0.08386,-0.11862,-0.18174,-0.34993,-0.23391,0.48427,0.56003,0.56003,0.4243,-0.25888,0.1076,-0.11043,-0.39209,-0.13341,0.01711,0.56003,0.33381,1.09477,0.43864,0.3486,0.16734,1.01247,1.01247,0.7155,0.54769,1.45411,1.65846,1.17227,1.5526,1.35468,1.64588,2.24485,2.79514,2.57194,2.6184,2.68649,3.04844,1.43176,1.69113]},{"geotype":1,"curve":[-0.86549,-0.86549,-0.86549,-0.86549,-0.86549,-0.80998,-0.69263,-0.57527,-0.45791,-0.35054,-0.34875,-0.40426,-0.52162,-0.63897,-0.75633,-1.00013,-1.26291,-1.21465,-0.90963,-0.86549,-0.86549,-0.79678,-0.98284,-1.01653,-0.84742,-0.86549,-0.86549,-0.79777,-0.35071,-0.4278,-0.91903,-0.86549,-0.86549,-1.13707,-1.17185,-0.61407,-0.54521,-0.60712,-0.90658,-1.01415,-0.55913,-1.0544,-1.10616,-1.12386,-0.8244,-0.41855,-0.68533,-0.13148,-0.55527,-0.60712,-0.47077,-0.35307,-0.60603,-0.8244,-0.09057,-0.19373,0.27879,-0.11277,-0.01327,-0.0981,0.21448,0.65374,0.17919,0.68472,0.68472,0.69243,0.05031,-0.21443,0.16798,0.11631,0.73639,0.68472,1.06488,1.87321,1.40814,1.51149,1.40814,1.7523,1.51254,1.33881,1.97655,1.92488,1.45982,1.4251,1.59065,0.95772,1.48973,1.51149,1.72159,1.98296,1.94906,2.014,1.22322,1.0981,1.63047,0.6731]}],"calibration_scores":{"0":[4.0663],"1":[2.03041,2.39091,3.14648]},"assignments":[{"point_prediction":1,"p_values":[0.5,0.25],"prediction_set":[0,1],"alpha":0.15,"distances":[4.556583753208948,4.222666987639326],"out_of_catalogue":false,"test_index":0},{"point_prediction":1,"p_values":[0.5,0.5],"prediction_set":[0,1],"alpha":0.15,"distances":[5.286629255235755,2.70840428181653],"out_of_catalogue":false,"test_index":1},{"point_prediction":1,"p_values":[0.5,0.5],"prediction_set":[0,1],"alpha":0.15,"distances":[4.6770697660944895,3.006045749023727],"out_of_catalogue":false,"test_index":2},{"point_prediction":1,"p_values":[0.5,0.5],"prediction_set":[0,1],"alpha":0.15,"distances":[6.00466393400238,3.0753731456166387],"out_of_catalogue":false,"test_index":3}],"attribution":{"status":"skipped","reason":"fewer than 2 well-populated GeoTypes (1 singleton(s))"},"params_sample":[],"summary":{"coverage":1.0,"target":0.85,"ood_rate":0.0,"mean_set_size":2.0}}