{"schema":"flowdna.trace/v1","case_id":"WR02_depth_families","t_grid":[100.0,121.39772,147.37406,178.90875,217.19114,263.66509,320.0834,388.57395,471.71991,572.65722,695.1928,843.9482,1024.53386,1243.76073,1509.89716,1832.98071,2225.19677,2701.33812,3279.36286,3981.07171,4832.93024,5867.06707,7122.48558,8646.53503,10496.69629,12742.74986,15469.40765,18779.50802,22797.89436,27676.12371,33598.18286,40787.42759,49515.00669,60110.08864,72972.27645,88586.67904,107542.20761,130553.7869,158489.31925,192402.41828,233572.14691,283551.25835,344224.75957,417881.00603,507298.00907,615848.21107,747625.68016,907600.52168,1101806.33011,1337567.75153,1623776.73919,1971227.92152,2393025.73118,2905078.65051,3526699.21417,4281332.39872,5197439.87087,6309573.4448,7659678.23475,9298674.65261,11288378.91685,13703834.50663,16636142.49384,20195897.50164,24517358.87979,29763514.41631,36132227.56796,43863700.0578,53249531.29838,64643716.3249,78475997.03515,95268070.2902,115653264.17903,140400424.55483,170442912.74532,206913808.11148,251188643.15096,304937282.93873,370186905.58462,449398459.07217,545559478.11685,662296761.71483,804013161.11679,976053637.3079,1184906851.00067,1438449888.28767,1746245352.00162,2119902023.84961,2573512700.01691,3124185713.60267,3792690190.73224,4604239376.75877,5589441576.40337,6785454573.39357,8237387069.57101,10000000000.0],"preprocessing":{"derivative_order":1,"L":0.2,"norm":"max","n_points":96},"dtw_window":10,"k":3,"medoids":[[0.36022,0.33497,0.46135,0.44925,0.46949,0.45321,0.44304,0.58168,0.37618,0.47059,0.31727,0.32752,0.45392,0.37121,0.46196,0.41687,0.49109,0.41658,0.50132,0.40675,0.41452,0.47947,0.42851,0.46403,0.42407,0.31008,0.36332,0.19123,0.37752,0.27895,0.14579,0.2676,-0.05624,0.26218,0.29544,0.20973,0.26679,0.21776,-0.06745,0.11244,-0.01122,0.08394,0.13731,0.17478,0.31284,0.09497,0.36746,0.34063,0.41656,0.36138,0.32565,0.27472,0.22254,0.45149,0.50037,0.47868,0.55395,0.39699,0.5193,0.47673,0.50083,0.41902,0.38543,0.43137,0.37489,0.28863,0.385,0.25342,0.37963,0.72326,0.57219,0.63889,0.59974,0.39012,0.45387,0.54038,0.52445,0.44002,0.34211,0.35408,0.40074,0.34738,0.52516,0.68085,0.29268,0.55251,0.56152,0.29371,0.5894,0.55432,0.24165,0.3606,0.20395,0.42927,1.0,0.6462],[0.57873,0.59279,0.66402,0.75166,0.63105,0.68404,0.68942,0.59257,0.69812,0.57784,0.59002,0.60775,0.65767,0.62489,0.64553,0.54981,0.47418,0.78833,0.60686,0.56744,0.66936,0.42167,0.38978,0.52209,0.50244,0.45005,0.45072,0.44953,0.29877,0.23649,0.19374,-0.02699,-0.17296,0.16844,0.05472,0.18199,0.30171,0.23017,0.15572,0.03835,0.0966,-0.0845,0.2719,0.26607,0.37955,0.34003,0.17817,0.56491,0.2684,0.30997,0.69511,0.49341,0.67283,0.72735,0.48072,0.59893,0.56638,0.59703,0.70946,0.70254,0.70965,0.77508,0.62573,0.40883,0.75054,0.58257,0.61889,0.79757,0.72843,0.73302,0.72108,0.74697,0.49157,0.70495,0.58691,0.6563,0.48913,0.48407,0.62493,0.49617,0.95334,0.80834,0.41501,0.64063,0.70251,0.77321,1.0,0.78155,0.7748,0.4022,0.7665,0.76576,0.54119,0.84123,0.59498,0.61611],[0.83721,0.93007,0.58723,0.43241,0.40916,0.52959,0.46407,0.48893,0.53557,0.43899,0.51802,0.47303,0.45481,0.47313,0.47291,0.42575,0.38878,0.47236,0.37621,0.41592,0.52451,0.23257,0.30095,0.18603,-0.02427,0.30452,0.18155,0.13517,0.21059,0.07112,-0.02835,-0.01736,0.03394,-0.02139,0.12847,0.11581,-0.02444,0.03049,0.01373,0.01609,0.11215,0.32198,0.05481,0.21517,0.2048,0.15094,0.23147,0.40296,0.30026,0.30438,0.50512,0.2711,0.65272,0.40487,0.49323,0.48865,0.34571,0.56706,0.46873,0.44769,0.36773,0.60002,0.50104,0.65669,0.58908,0.48225,0.58648,0.42785,0.66541,0.53052,0.4235,0.62055,0.61731,0.45258,0.68363,0.35172,0.39762,0.35008,0.22094,0.78316,0.36163,0.81225,1.0,0.66275,0.57979,0.43684,0.10629,0.2288,0.50955,0.61126,0.68407,0.59499,0.30455,0.22296,0.66989,0.09308]],"geotype_counts":[16,36,8],"silhouette":0.1409,"k_table":{"k":[2,3,4,5,6],"silhouette":[0.1344,0.1409,0.1077,0.1271,0.1139],"cost":[66.95,63.38,60.82,58.9,56.98]},"samples":[{"geotype":0,"curve":[0.2364,0.31425,0.34578,0.39359,0.38997,0.33932,0.36054,0.3783,0.43867,0.44573,0.46743,0.38043,0.39212,0.44861,0.41349,0.48641,0.4086,0.37645,0.33254,0.24758,0.42579,0.32205,0.42802,0.43306,0.31007,0.4589,0.36123,0.40957,0.38929,0.24633,0.26889,0.32595,0.24759,0.33085,0.30644,0.35478,0.34083,0.31446,0.14112,0.12494,0.20371,0.14105,0.2581,0.10674,0.32635,0.23116,0.30365,0.36162,0.16176,0.30059,0.26669,0.30476,0.38015,0.45547,0.51432,0.44856,0.43523,0.33439,0.3327,0.49014,0.59034,0.46838,0.38668,0.24006,0.16337,0.42424,0.61118,0.43938,0.57795,0.29346,0.18151,0.55863,0.0249,0.57235,0.55461,0.37115,0.54425,0.3269,0.23985,0.32776,0.46077,0.44811,0.46421,0.22469,0.45811,0.39318,0.30992,0.61668,0.42052,0.4538,0.35578,0.53694,0.29882,0.43378,1.0,0.34042]},{"geotype":0,"curve":[0.4804,0.33478,0.49586,0.5275,0.45515,0.40591,0.42921,0.54186,0.53345,0.62746,0.50796,0.52444,0.44628,0.46036,0.5738,0.4413,0.5359,0.54703,0.4147,0.42644,0.55472,0.50517,0.59701,0.54176,0.35766,0.3922,0.39769,0.46608,0.38139,0.44312,0.5021,0.38759,0.6721,0.47739,0.3191,0.46495,0.27475,0.40431,0.43768,0.27034,0.32306,0.18218,0.15232,0.35951,0.27816,0.49737,0.38964,0.46478,0.5576,0.25906,0.46865,0.42607,0.20115,0.42475,0.48185,0.62343,0.61956,0.64811,0.62805,0.31553,0.58926,0.48378,0.39191,0.57659,0.47898,0.50193,0.67414,0.45484,0.44702,0.62939,0.34901,0.4961,0.53203,0.304,0.42412,0.58914,0.61994,0.64656,0.58432,0.49899,0.44277,0.29139,0.54141,0.6077,0.3609,0.7349,0.6686,0.29193,0.69353,0.35706,0.3369,0.32747,0.076,0.49938,1.0,0.78849]},{"geotype":0,"curve":[0.46987,0.32221,0.43325,0.59272,0.49295,0.50986,0.58043,0.45761,0.4615,0.4764,0.44784,0.43587,0.51488,0.5593,0.46935,0.58016,0.55163,0.43241,0.52294,0.60704,0.27663,0.52831,0.48889,0.32829,0.56567,0.52963,0.35386,0.36212,0.54838,0.3754,0.61773,0.55298,0.2997,0.26969,0.13688,0.10384,0.19421,0.23498,0.03303,0.27526,0.10763,0.04261,0.32477,0.12393,0.46653,0.39316,0.19551,0.42378,0.21279,0.27495,0.45254,0.46824,0.3433,0.53009,0.75663,0.41631,0.65971,0.59828,0.41565,0.62042,0.37868,0.50082,0.38053,0.26205,0.54893,0.59863,0.6194,0.63931,0.60178,0.44943,0.4128,0.62973,0.51675,0.58631,0.37203,0.30396,0.39748,0.24863,0.53764,0.62743,0.71463,0.70541,0.49908,0.1573,0.22979,0.31043,0.71333,0.74406,0.50425,0.68501,0.47266,0.47376,0.68247,0.5952,0.81623,1.0]},{"geotype":1,"curve":[0.73049,0.49035,0.69447,0.61777,0.59063,0.56219,0.53623,0.78023,0.596,0.57715,0.70626,0.61101,0.69072,0.81325,0.65823,0.76516,0.57062,0.6932,0.71771,0.41101,0.5855,0.61057,0.43629,0.74986,0.89971,0.57906,0.68394,0.55336,0.58995,0.52922,0.30654,0.59709,0.46248,0.42546,0.78712,0.53392,0.32633,0.39626,0.31132,0.17813,0.5872,0.27336,0.53644,0.41321,0.04464,0.76627,0.24136,0.28535,0.72283,0.25605,0.66148,0.72332,0.5058,0.5548,0.62035,0.74283,0.47366,0.77292,0.38346,0.77436,0.94884,0.61823,0.83288,0.5665,0.53184,0.80833,0.81123,0.6335,0.63796,0.46067,0.56746,0.53184,0.77592,0.70736,0.53199,0.90975,0.3825,0.84443,0.64126,0.33834,0.74557,0.48702,0.51013,0.95459,0.49529,0.71949,0.91113,0.88058,1.0,0.66002,0.57831,0.29441,0.603,0.6202,0.65022,0.68547]},{"geotype":1,"curve":[0.63156,0.61801,0.51213,0.4953,0.51505,0.69827,0.71926,0.6308,0.67108,0.47615,0.52031,0.66837,0.48298,0.49236,0.58956,0.43836,0.54418,0.59099,0.48563,0.64543,0.59746,0.65706,0.49008,0.40995,0.17331,0.26701,0.17983,0.09386,0.1719,0.17432,0.20096,0.12258,0.13681,-0.14905,0.01663,0.04043,0.12264,0.11888,0.11745,0.06326,0.04975,0.34028,0.20419,0.29471,0.30199,0.13809,0.27438,0.38532,0.34571,0.45243,0.36,0.3944,0.5458,0.64852,0.71761,0.61635,0.58285,0.55852,0.69397,0.71266,0.78425,0.67578,0.34859,0.45466,0.5611,0.39649,0.63568,0.5206,0.47936,0.85078,0.66611,0.72625,0.89601,0.66131,0.64317,0.74059,0.37945,0.49794,0.66542,0.4041,1.0,0.79277,0.31421,0.76796,0.13533,0.39753,0.91764,0.53311,0.7575,0.74934,0.46907,0.56307,0.64758,0.51392,0.75132,0.91293]},{"geotype":1,