{"schema":"flowdna.trace/v1","case_id":"WR02_depth_families","t_grid":[100.0,121.39772,147.37406,178.90875,217.19114,263.66509,320.0834,388.57395,471.71991,572.65722,695.1928,843.9482,1024.53386,1243.76073,1509.89716,1832.98071,2225.19677,2701.33812,3279.36286,3981.07171,4832.93024,5867.06707,7122.48558,8646.53503,10496.69629,12742.74986,15469.40765,18779.50802,22797.89436,27676.12371,33598.18286,40787.42759,49515.00669,60110.08864,72972.27645,88586.67904,107542.20761,130553.7869,158489.31925,192402.41828,233572.14691,283551.25835,344224.75957,417881.00603,507298.00907,615848.21107,747625.68016,907600.52168,1101806.33011,1337567.75153,1623776.73919,1971227.92152,2393025.73118,2905078.65051,3526699.21417,4281332.39872,5197439.87087,6309573.4448,7659678.23475,9298674.65261,11288378.91685,13703834.50663,16636142.49384,20195897.50164,24517358.87979,29763514.41631,36132227.56796,43863700.0578,53249531.29838,64643716.3249,78475997.03515,95268070.2902,115653264.17903,140400424.55483,170442912.74532,206913808.11148,251188643.15096,304937282.93873,370186905.58462,449398459.07217,545559478.11685,662296761.71483,804013161.11679,976053637.3079,1184906851.00067,1438449888.28767,1746245352.00162,2119902023.84961,2573512700.01691,3124185713.60267,3792690190.73224,4604239376.75877,5589441576.40337,6785454573.39357,8237387069.57101,10000000000.0],"preprocessing":{"derivative_order":1,"L":0.2,"norm":"max","n_points":96},"dtw_window":10,"k":2,"medoids":[[0.62024,0.59144,0.70521,0.63432,0.60225,0.58129,0.47257,0.6746,0.47121,0.49545,0.62781,0.48366,0.76303,0.74444,0.59107,0.70773,0.56588,0.5404,0.61451,0.4596,0.59609,0.58383,0.67612,0.66017,0.53614,0.55396,0.47145,0.34446,0.5249,0.49975,0.45302,0.61394,0.32442,0.19921,0.17259,0.04319,0.22186,0.04424,0.26502,0.00052,0.14513,0.26092,0.01436,0.46557,0.18622,0.35429,0.32696,0.39679,0.40998,0.46021,0.51388,0.26658,0.39479,0.47631,0.66211,0.70152,1.0,0.74138,0.81459,0.67229,0.48053,0.65217,0.50282,0.70603,0.5738,0.53666,0.56978,0.65939,0.67118,0.697,0.64872,0.44842,0.63098,0.32728,0.71038,0.56328,0.58155,0.86965,0.44658,0.70969,0.44214,0.69444,0.55345,0.58386,0.88041,0.73119,0.70184,0.71024,0.61679,0.43339,0.61622,0.59766,0.69783,0.54725,0.05375,0.58066],[0.45468,0.70305,0.43281,0.33464,0.46777,0.3678,0.46939,0.41717,0.35962,0.42455,0.37143,0.42847,0.42271,0.37791,0.42177,0.44792,0.47851,0.55963,0.42305,0.4236,0.50685,0.35945,0.49921,0.34387,0.26596,0.34309,0.27628,0.39655,0.42707,0.31598,0.18271,0.24975,0.12708,0.2266,0.22854,0.10913,-0.00509,0.08388,0.20181,0.06304,0.38401,0.11457,0.12753,0.24217,0.05312,0.21311,0.09977,0.29699,0.40036,0.34519,0.50851,0.12934,0.36038,0.4461,0.47044,0.69726,0.3768,0.4129,0.433,0.45121,0.4317,0.53153,0.45238,0.397,0.46122,0.30312,0.28545,0.56181,0.38618,0.58647,0.38647,0.4103,0.50277,0.43688,0.61428,0.39873,0.29537,0.18884,0.38415,0.104,0.52528,0.74427,0.58428,0.73411,0.49773,0.30098,0.30562,0.46175,0.46864,0.39827,0.36838,0.35846,0.36384,0.60377,1.0,0.84783]],"geotype_counts":[43,17],"silhouette":0.1532,"k_table":{"k":[2,3,4,5,6],"silhouette":[0.1532,0.1524,0.1074,0.0835,0.0859],"cost":[66.31,62.44,60.44,58.63,56.85]},"samples":[{"geotype":0,"curve":[0.86742,0.68098,0.72565,0.79187,0.54818,0.64972,0.53621,0.55871,0.85295,0.5691,0.63088,0.6531,0.27162,0.54649,0.52602,0.33685,0.7559,0.42279,0.85889,0.50938,0.44864,0.47622,0.02096,0.24643,0.02574,0.16868,0.21872,0.2154,0.1131,0.11517,0.19732,0.03298,-0.03284,0.05121,-0.27452,-0.01088,0.13526,0.02044,0.14689,0.31509,0.10784,0.216,0.0507,0.17456,0.35081,0.21003,0.58478,0.45003,0.46166,0.62633,0.42098,0.30133,0.37967,0.53774,0.80171,0.69799,0.68363,0.73038,0.4609,0.64598,0.62649,0.71913,0.3747,0.69614,0.86261,0.45404,0.92885,0.72844,0.5913,0.7503,0.72495,0.51616,0.66446,0.41516,0.78194,0.59472,0.67374,1.0,0.59133,0.84766,0.69937,0.46251,0.2638,0.25462,0.59235,0.61874,0.63429,0.91912,0.64267,0.7564,0.86108,0.68633,0.51614,0.51268,0.66333,0.49353]},{"geotype":0,"curve":[0.60193,0.52759,0.4257,0.50762,0.50785,0.61124,0.57039,0.42388,0.48771,0.53963,0.47781,0.42468,0.40573,0.34648,0.43052,0.49242,0.44495,0.42195,0.35875,0.29023,0.21296,0.19605,0.35127,0.20695,0.15791,0.19544,0.23666,0.22392,0.13716,0.08307,-0.21292,-0.16775,0.00695,0.04848,0.06264,0.2894,0.15723,0.14808,0.14679,-0.12359,-0.08633,0.13879,0.20699,0.17378,0.3345,0.15953,0.11848,0.40445,0.29218,0.30199,0.44405,0.20629,0.45911,0.60945,0.57915,0.70231,0.62495,0.16028,0.38831,0.56338,0.50625,0.75858,0.54686,0.51615,0.45233,0.23234,0.37942,0.32009,0.34777,1.0,0.55566,0.384,0.48872,0.06007,0.57557,0.72354,0.65809,0.74131,0.37556,0.58918,0.63522,0.44871,0.87462,0.25913,0.50434,0.3543,0.27122,0.57798,0.22475,0.82301,0.45331,0.50745,0.39384,0.00095,0.05161,0.00131]},{"geotype":0,"curve":[0.51149,0.46044,0.52561,0.48262,0.56861,0.58512,0.61751,0.74413,0.67796,0.6714,0.50265,0.46052,0.56339,0.48833,0.57362,0.63906,0.50884,0.62637,0.60279,0.54365,0.61531,0.61348,0.67611,0.57124,0.47485,0.56801,0.52397,0.33914,0.56339,0.30564,0.62493,0.68139,0.36512,0.60353,0.09785,0.27335,0.3175,0.37158,0.22994,0.51226,0.36741,0.2746,0.53225,0.32244,0.31323,0.28812,0.28518,0.20888,0.52204,0.39504,0.33818,0.68072,0.56856,0.67217,1.0,0.44175,0.51046,0.6472,0.30912,0.64046,0.65309,0.50503,0.69442,0.50506,0.48714,0.54716,0.5757,0.59328,0.81129,0.46659,0.6138,0.62523,0.48552,0.77107,0.58052,0.56853,0.34557,0.54339,0.46208,0.75496,0.78359,0.79139,0.62415,0.25215,0.49882,0.27769,0.70518,0.8598,0.64242,0.65358,0.73113,0.82049,0.7585,0.5683,-0.02542,-0.08342]},{"geotype":1,"curve":[0.2364,0.31425,0.34578,0.39359,0.38997,0.33932,0.36054,0.3783,0.43867,0.44573,0.46743,0.38043,0.39212,0.44861,0.41349,0.48641,0.4086,0.37645,0.33254,0.24758,0.42579,0.32205,0.42802,0.43306,0.31007,0.4589,0.36123,0.40957,0.38929,0.24633,0.26889,0.32595,0.24759,0.33085,0.30644,0.35478,0.34083,0.31446,0.14112,0.12494,0.20371,0.14105,0.2581,0.10674,0.32635,0.23116,0.30365,0.36162,0.16176,0.30059,0.26669,0.30476,0.38015,0.45547,0.51432,0.44856,0.43523,0.33439,0.3327,0.49014,0.59034,0.46838,0.38668,0.24006,0.16337,0.42424,0.61118,0.43938,0.57795,0.29346,0.18151,0.55863,0.0249,0.57235,0.55461,0.37115,0.54425,0.3269,0.23985,0.32776,0.46077,0.44811,0.46421,0.22469,0.45811,0.39318,0.30992,0.61668,0.42052,0.4538,0.35578,0.53694,0.29882,0.43378,1.0,0.34042]},{"geotype":1,"curve":[0.4804,0.33478,0.49586,0.5275,0.45515,0.40591,0.42921,0.54186,0.53345,0.62746,0.50796,0.52444,0.44628,0.46036,0.5738,0.4413,0.5359,0.54703,0.4147,0.42644,0.55472,0.50517,0.59701,0.54176,0.35766,0.3922,0.39769,0.46608,0.38139,0.44312,0.5021,0.38759,0.6721,0.47739,0.3191,0.46495,0.27475,0.40431,0.43768,0.27034,0.32306,0.18218,0.15232,0.35951,0.27816,0.49737,0.38964,0.46478,0.5576,0.25906,0.46865,0.42607,0.20115,0.42475,0.48185,0.62343,0.61956,0.64811,0.62805,0.31553,0.58926,0.48378,0.39191,0.57659,0.47898,0.50193,0.67414,0.45484,0.44702,0.62939,0.34901,0.4961,0.53203,0.304,0.42412,0.58914,0.61994,0.64656,0.58432,0.49899,0.44277,0.29139,0.54141,0.6077,0.3609,0.7349,0.6686,0.29193,0.69353,0.35706,0.3369,0.32747,0.076,0.49938,1.0,0.78849]},{"geotype":1,"curve":[0.45468,0.70305,0.43281,0.33464,0.46777,0.3678,0.46939,0.41717,0.35962,0.42455,0.37143,0.42847,0.42271,0.37791,0.42177,0.44792,0.47851,0.55963,0.42305,0.4236,0.50685,0.35945,0.49921,0.34387,0.26596,0.34309,0.27628,0.39655,0.42707,0.31598,0.18271,0.24975,0.12708,0.2266,0.22854,0.10913,-0.00509,0.08388,0.20181,0.06304,0.38401,0.11457,0.12753,0.24217,0.05312,0.21311,0.09977,0.29699,0.40036,0.34519,0.50851,0.12934,0.36038,0.4461,0.47044,0.69726,0.3768,0.4129,0.433,0.45121,0.4317,0.53153,0.45238,0.397,0.46122,0.30312,0.28545,0.56181,0.38618,0.58647,0.38647,0.4103,0.50277,0.43688,0.61428,0.39873,0.29537,0.18884,0.38415,0.104,0.52528,0.74427,0.58428,0.73411,0.49773,0.30098,0.30562,0.46175,0.46864,0.39827,0.36838,0.35846,0.36384,0.60377,1.0,0.84783]}],"calibration_scores":{"0":[0.99151,0.99726,1.00906,1.06081,1.06714,1.07707,1.08084,1.08418,1.09559,1.11649,1.12334,1.13896,1.17131,1.18326,1.22158,1.23547,1.27562,1.30155,1.32533,1.48144],