{"schema":"flowdna.trace/v1","case_id":"REAL_A_lowperm","t_grid":[8.12391,8.83991,9.61903,10.46681,11.38932,12.39312,13.4854,14.67395,15.96726,17.37455,18.90587,20.57216,22.38531,24.35826,26.5051,28.84116,31.3831,34.14909,37.15885,40.43389,43.99757,47.87534,52.09488,56.68632,61.68242,67.11887,73.03446,79.47143,86.47572,94.09735,102.39072,111.41503,121.23471,131.91985,143.54675,156.19839,169.96509,184.94514,201.24547,218.98245,238.28269,259.28398,282.13624,307.00261,334.06061,363.50338,395.54113,430.40255,468.33652,509.61385,554.52919,603.40319,656.58476,714.45353,777.42263,845.94157,920.49951,1001.62868,1089.90826,1185.96845,1290.495,1404.23411,1527.99773,1662.66939,1809.21047,1968.6671,2142.1776,2330.98064,2536.42402,2759.97437,3003.22756,3267.92012,3555.94163,3869.34821,4210.37721,4581.46315,4985.25513,5424.63573,5902.7416,6422.98582,6989.0823,7605.07228,8275.35317,9004.70996,9798.34936,10661.93699,11601.6378,12624.16012,13736.8035,14947.51084,16264.92513,17698.45109,19258.32233,20955.67444,22802.62443,24812.35726],"preprocessing":{"derivative_order":0,"L":0.2,"norm":"zscore","n_points":96},"dtw_window":10,"k":2,"medoids":[[-0.9761,-0.96998,-0.96342,-0.95641,-0.94893,-0.94097,-0.93248,-0.92341,-0.91381,-0.90366,-0.89295,-0.88168,-0.86986,-0.85748,-0.84457,-0.83109,-0.81709,-0.80263,-0.78776,-0.77253,-0.75699,-0.74121,-0.72525,-0.7092,-0.69314,-0.67718,-0.6614,-0.64589,-0.63072,-0.61597,-0.60169,-0.58794,-0.57474,-0.5622,-0.55022,-0.53876,-0.52776,-0.51715,-0.50682,-0.49667,-0.48656,-0.47637,-0.4659,-0.45502,-0.44359,-0.4315,-0.41864,-0.40492,-0.39024,-0.37454,-0.35772,-0.33964,-0.32039,-0.29992,-0.27818,-0.25515,-0.23075,-0.20495,-0.17767,-0.14873,-0.11804,-0.08564,-0.05145,-0.01539,0.02262,0.06267,0.10484,0.14921,0.19615,0.24563,0.29766,0.3524,0.40997,0.47054,0.53428,0.60139,0.67206,0.74709,0.82624,0.90972,0.99779,1.09072,1.18877,1.29225,1.40145,1.51688,1.63961,1.76933,1.90648,2.05159,2.2052,2.36792,2.5404,2.72334,2.91815,3.12623],[-1.56264,-1.48353,-1.39919,-1.30945,-1.21412,-1.11306,-1.00531,-0.89166,-0.77212,-0.64677,-0.51575,-0.37931,-0.23776,-0.09156,0.05888,0.21291,0.36918,0.52661,0.68398,0.8399,0.99286,1.14116,1.283,1.41574,1.53673,1.64464,1.73751,1.81351,1.87098,1.90853,1.92511,1.92006,1.8911,1.83996,1.76896,1.67992,1.57516,1.45749,1.33004,1.19621,1.05948,0.92391,0.79302,0.66932,0.55477,0.45068,0.35777,0.2761,0.20524,0.14435,0.09287,0.04791,0.00785,-0.02883,-0.06359,-0.09773,-0.13238,-0.16852,-0.20708,-0.24897,-0.29432,-0.34333,-0.39601,-0.45219,-0.51148,-0.5733,-0.63689,-0.70124,-0.76492,-0.82664,-0.88514,-0.93922,-0.98775,-1.02978,-1.06452,-1.09136,-1.10905,-1.118,-1.11864,-1.1112,-1.09596,-1.07323,-1.04332,-1.00647,-0.96287,-0.91164,-0.85353,-0.78834,-0.71572,-0.63519,-0.5462,-0.44811,-0.34025,-0.22164,-0.09018,0.05361]],"geotype_counts":[174,26],"silhouette":0.7182,"k_table":{"k":[2,3,4,5,6],"silhouette":[0.7182,0.3685,0.4085,0.4377,0.4576],"cost":[466.21,381.04,330.95,288.76,258.86]},"samples":[{"geotype":0,"curve":[-0.85659,-0.85698,-0.85629,-0.85447,-0.85177,-0.84828,-0.84405,-0.83916,-0.83365,-0.82757,-0.82093,-0.81375,-0.80599,-0.79771,-0.78891,-0.77959,-0.76976,-0.7594,-0.74852,-0.73712,-0.7252,-0.71275,-0.69984,-0.6865,-0.67278,-0.65871,-0.64434,-0.62973,-0.61495,-0.60006,-0.58515,-0.57031,-0.55562,-0.54114,-0.52695,-0.51311,-0.49968,-0.48671,-0.47429,-0.46239,-0.45097,-0.44002,-0.42948,-0.41928,-0.40933,-0.39953,-0.38976,-0.37983,-0.36959,-0.3589,-0.3476,-0.33557,-0.32265,-0.30873,-0.2937,-0.2774,-0.25965,-0.2405,-0.21991,-0.19781,-0.17414,-0.14886,-0.12189,-0.09317,-0.06246,-0.02962,0.00533,0.04255,0.0822,0.12447,0.16956,0.21771,0.26917,0.3246,0.38416,0.44802,0.51651,0.59002,0.66895,0.75372,0.8448,0.9427,1.04904,1.16364,1.28707,1.42006,1.56339,1.71792,1.88457,2.06434,2.25861,2.47055,2.69966,2.94739,3.21529,3.50507]},{"geotype":0,"curve":[-0.28097,-0.33279,-0.38503,-0.43736,-0.4893,-0.54046,-0.59046,-0.6389,-0.68542,-0.72964,-0.77124,-0.80993,-0.84508,-0.87665,-0.90465,-0.92898,-0.94961,-0.96654,-0.97983,-0.98957,-0.99589,-0.99852,-0.99819,-0.99509,-0.98946,-0.9815,-0.97141,-0.95939,-0.94557,-0.93003,-0.91279,-0.89408,-0.87393,-0.85238,-0.82944,-0.8051,-0.77937,-0.75224,-0.72363,-0.69353,-0.66208,-0.62933,-0.59532,-0.56011,-0.52381,-0.48649,-0.44828,-0.40925,-0.36962,-0.32959,-0.28934,-0.24904,-0.20887,-0.169,-0.1296,-0.09083,-0.05295,-0.01598,0.02003,0.05505,0.0891,0.12224,0.15457,0.18627,0.21752,0.24863,0.27996,0.31188,0.34475,0.37898,0.41498,0.45317,0.49395,0.53791,0.58568,0.63734,0.69322,0.75364,0.81892,0.88934,0.9652,1.04679,1.13495,1.22996,1.33179,1.44082,1.5575,1.68229,1.81573,1.95838,2.1109,2.27533,2.45177,2.6408,2.8434,3.06067]},{"geotype":0,"curve":[-0.68885,-0.68615,-0.68328,-0.68024,-0.67703,-0.67365,-0.67007,-0.66633,-0.66243,-0.65836,-0.65415,-0.6498,-0.64532,-0.64073,-0.63603,-0.63125,-0.62641,-0.62154,-0.61666,-0.61178,-0.60694,-0.60216,-0.59745,-0.59284,-0.58835,-0.58398,-0.57974,-0.57562,-0.57162,-0.56772,-0.5639,-0.56015,-0.55643,-0.55268,-0.54888,-0.54498,-0.54093,-0.53669,-0.53222,-0.52746,-0.52239,-0.5169,-0.51101,-0.50467,-0.49786,-0.49056,-0.48271,-0.4743,-0.46527,-0.45559,-0.44512,-0.43389,-0.42185,-0.40894,-0.39508,-0.38021,-0.36425,-0.34711,-0.32864,-0.30865,-0.28714,-0.26401,-0.23912,-0.21233,-0.1835,-0.15247,-0.11906,-0.08285,-0.04364,-0.00135,0.04426,0.09345,0.14651,0.20375,0.2655,0.33212,0.40465,0.4832,0.56804,0.65969,0.75869,0.86564,0.98117,1.10597,1.2408,1.38817,1.54762,1.72008,1.90664,2.10844,2.32674,2.56289,2.81833,3.09529,3.39795,3.72573]},{"geotype":1,"curve":[-2.20554,-2.12242,-2.0338,-1.93947,-1.83924,-1.73297,-1.61962,-1.5,-1.37411,-1.24204,-1.10393,-0.96,-0.81058,-0.65612,-0.49707,-0.33399,-0.16834,-0.00122,0.16613,0.33227,0.49564,0.6545,0.80699,0.95047,1.08209,1.20047,1.30359,1.38951,1.45651,1.50309,1.52813,1.53086,1.50899,1.46389,1.39799,1.31305,1.21137,1.09571,0.9692,0.83524,0.69737,0.55953,0.42551,0.29795,0.1789,0.06985,-0.02837,-0.11551,-0.19185,-0.25807,-0.3143,-0.36325,-0.40617,-0.44424,-0.47844,-0.50955,-0.53815,-0.56461,-0.58902,-0.61124,-0.63132,-0.64902,-0.66408,-0.67621,-0.6851,-0.69045,-0.69199,-0.68916,-0.68164,-0.66959,-0.65287,-0.63135,-0.60496,-0.57361,-0.53721,-0.49565,-0.44824,-0.39496,-0.33575,-0.27015,-0.19764,-0.11757,-0.0292,0.06828,0.17576,0.29573,0.42802,0.5733,0.73239,0.90598,1.09471,1.29908,1.51949,1.7565,2.01226,2.28463]},{"geotype":1,"curve":[-0.98892,-0.9019,-0.80982,-0.7126,-0.61023,-0.50273,-0.38971,-0.27163,-0.14902,-0.02225,0.1082,0.24176,0.3777,0.51521,0.65332,0.79063,0.92569,1.05707,1.18321,1.30247,1.41314,1.51347,1.60174,1.67604,1.7327,1.77229,1.79385,1.79675,1.78077,1.74614,1.69358,1.62429,1.53942,1.44107,1.33354,1.21985,1.10311,0.98643,0.87276,0.76476,0.66466,0.57504,0.49703,0.43009,0.37379,0.3272,0.28898,0.25747,0.23086,0.20719,0.18445,0.16044,0.13364,0.10279,0.0669,0.0252,-0.02277,-0.07725,-0.13824,-0.20623,-0.27976,-0.35797,-0.43989,-0.5244,-0.61027,-0.69623,-0.78096,-0.86308,-0.94076,-1.01329,-1.07983,-1.13969,-1.19241,-1.23769,-1.27539,-1.30551,-1.32781,-1.34223,-1.34971,-1.35046,-1.34465,-1.33241,-1.31379,-1.28879,-1.25734,-1.21878,-1.17302,-1.12028,-1.06031,-0.99285,-0.91759,-0.8342,-0.74231,-0.64148,-0.53006,-0.40816]},{"geotype":1,"curve":[-2.1478,-2.0749,-1.99745,-1.91522,-1.82753,-1.73494,-1.63742,-1.53499,-1.42769,-1.31566,-1.19907,-1.07816,-0.95309,-0.82418,-0.69237,-0.55828,-0.42262,-0.28619,-0.14986,-0.01459,0.11861,0.24831,0.37316,0.4923,0.60465,0.70923,0.80511,0.89152,0.96781,1.0335,1.08713,1.12949,1.16128,1.18297,1.19526,1.19901,1.1952,1.18495,1.16944,1.14952,1.12707,1.10319,1.0788,1.05469,1.03151,1.00972,0.98963,0.97143,0.95528,0.94077,0.92764,0.91555,0.90412,0.8929,0.88143,0.8692,0.85556,0.83975,0.82131,0.79965,0.77419,0.74435,0.70962,0.66952,0.62364,0.57113,0.51199,0.44658,0.37508,0.2978,0.21519,0.12782,0.03638,-0.05834,-0.15561,-0.25406,-0.35266,-0.45037,-0.54619,-0.63908,-0.72803,-0.81204,-0.89013,-0.9602,-1.02225,-1.07547,-1.1191,-1.15244,-1.17484,-1.18571,-1.18447,-1.17014,-1.14102,-1.09802,-1.04059,-0.96817]}],