{"schema":"flowdna.trace/v1","case_id":"MIX04_homog_vs_dp","t_grid":[100.0,121.39772,147.37406,178.90875,217.19114,263.66509,320.0834,388.57395,471.71991,572.65722,695.1928,843.9482,1024.53386,1243.76073,1509.89716,1832.98071,2225.19677,2701.33812,3279.36286,3981.07171,4832.93024,5867.06707,7122.48558,8646.53503,10496.69629,12742.74986,15469.40765,18779.50802,22797.89436,27676.12371,33598.18286,40787.42759,49515.00669,60110.08864,72972.27645,88586.67904,107542.20761,130553.7869,158489.31925,192402.41828,233572.14691,283551.25835,344224.75957,417881.00603,507298.00907,615848.21107,747625.68016,907600.52168,1101806.33011,1337567.75153,1623776.73919,1971227.92152,2393025.73118,2905078.65051,3526699.21417,4281332.39872,5197439.87087,6309573.4448,7659678.23475,9298674.65261,11288378.91685,13703834.50663,16636142.49384,20195897.50164,24517358.87979,29763514.41631,36132227.56796,43863700.0578,53249531.29838,64643716.3249,78475997.03515,95268070.2902,115653264.17903,140400424.55483,170442912.74532,206913808.11148,251188643.15096,304937282.93873,370186905.58462,449398459.07217,545559478.11685,662296761.71483,804013161.11679,976053637.3079,1184906851.00067,1438449888.28767,1746245352.00162,2119902023.84961,2573512700.01691,3124185713.60267,3792690190.73224,4604239376.75877,5589441576.40337,6785454573.39357,8237387069.57101,10000000000.0],"preprocessing":{"derivative_order":1,"L":0.2,"norm":"max","n_points":96},"dtw_window":10,"k":3,"medoids":[[0.70072,0.5143,0.58571,0.58863,0.57933,0.60401,0.56389,0.54895,0.51862,0.48674,0.47495,0.58901,0.6479,0.70931,0.76598,0.54518,0.49827,0.49435,0.57421,0.66996,0.45305,0.55182,0.45565,0.52349,0.70203,0.55817,0.54883,0.50854,0.50272,0.61844,0.59317,0.55537,0.57767,0.53716,0.76545,0.74543,0.69841,0.71143,0.4379,0.49256,0.33269,0.36985,0.55858,0.52416,0.7457,0.59941,0.67083,0.5479,0.47995,0.61254,0.38335,0.6209,0.58509,0.50541,0.69047,0.66256,0.62804,0.73066,0.54427,0.60525,0.5013,0.30809,0.49293,0.58957,0.64903,0.8268,0.52186,0.4585,0.60583,0.54606,1.0,0.61215,0.58227,0.45759,0.14457,0.47675,0.49483,0.56731,0.73469,0.73799,0.37804,0.68653,0.51772,0.48533,0.78362,0.6742,0.80677,0.43486,0.51913,0.55204,0.21567,0.6057,0.82075,0.51419,0.41201,0.7931],[0.37587,0.3147,0.24661,0.23374,0.2021,0.22656,0.26637,0.28342,0.29285,0.3153,0.32037,0.33018,0.30875,0.23387,0.32821,0.21102,0.23846,0.37827,0.266,0.2671,0.3133,0.13542,0.26298,0.25856,0.20578,0.297,0.13789,0.19065,0.10577,0.05074,0.18037,0.11828,0.15466,0.11049,-0.02695,0.06398,0.07654,0.00296,0.07088,0.0346,-0.00551,0.18428,0.08501,0.11184,0.1289,0.02121,0.18253,0.18893,0.27531,0.36742,0.22829,0.29193,0.20844,0.26764,0.33861,0.28556,0.34356,0.27616,0.32386,0.42522,0.25163,0.32334,0.3418,0.27269,0.36623,0.26003,0.2616,0.24177,0.32448,0.3397,0.27853,0.19986,0.19414,0.39375,0.38069,0.35936,0.36129,0.27891,0.22668,0.30753,0.4118,0.27199,0.26237,0.44426,0.2424,0.24815,0.30604,0.10258,0.09687,0.34752,0.32751,0.39819,0.42594,0.49936,1.0,0.71013],[0.71292,0.5315,0.72642,0.66612,0.56997,0.51812,0.49605,0.44637,0.37437,0.56857,0.55911,0.64163,0.61172,0.63254,0.52288,0.5883,0.60582,0.41894,0.39513,0.27266,0.60933,0.58046,0.58683,0.61193,0.26618,0.17917,0.23461,0.30016,0.23163,0.45305,0.28287,0.15472,0.24235,-0.05644,0.11905,0.11366,0.08094,0.03926,0.1837,0.0296,-0.08077,0.39308,-0.10593,0.24506,0.46548,0.24624,0.53803,0.38075,0.22297,0.32156,0.3201,0.47224,0.61965,0.40578,0.54946,0.61707,0.55586,0.70577,0.56616,0.57008,0.67959,0.74821,0.62504,0.28323,0.23568,0.43316,0.51723,0.73442,0.7399,0.57358,0.77492,0.73537,0.58915,0.50823,0.24183,0.58701,0.61863,0.66441,0.69039,0.382,0.46913,0.61473,0.76224,0.86582,1.0,0.5471,0.33417,0.44488,0.08091,0.55986,0.71484,0.69635,0.72027,0.48579,0.56665,0.1494]],"geotype_counts":[24,9,27],"silhouette":0.3164,"k_table":{"k":[2,3,4],"silhouette":[0.2823,0.3164,0.2372],"cost":[73.71,65.67,61.82]},"samples":[{"geotype":0,"curve":[0.51552,0.68064,0.56514,0.49307,0.64725,0.64026,0.60031,0.59512,0.52485,0.60486,0.47218,0.70893,0.51534,0.4869,0.66279,0.41692,0.76619,0.57201,0.6243,0.62837,0.58378,0.67477,0.57419,0.52638,0.49062,0.4279,0.49178,0.50421,0.54704,0.42864,0.63633,0.58746,0.63157,0.81289,0.57411,0.75128,0.45693,0.5749,0.5464,0.50738,0.71035,0.45049,0.36434,0.47465,0.54616,0.5933,0.77957,0.65248,0.55328,0.70167,0.56916,0.42783,0.59236,0.4092,0.59426,0.56075,0.61483,0.62636,0.55598,0.78212,0.49263,0.71611,0.36155,0.65451,0.37972,0.5268,0.95974,0.3447,0.71172,0.69401,0.58291,0.76564,0.66476,0.49419,0.47875,0.28688,0.38023,0.74053,0.59838,0.8265,0.57515,0.32647,0.44455,0.78807,0.70476,0.55335,0.46258,0.12672,0.64107,0.44845,0.87943,0.77266,0.31272,0.76673,1.0,0.62825]},{"geotype":0,"curve":[0.51692,0.36403,0.52481,0.64577,0.60474,0.57691,0.59556,0.49544,0.5865,0.69608,0.66007,0.64401,0.5465,0.56372,0.61206,0.70775,0.67921,0.59363,0.63009,0.61679,0.53968,0.58165,0.52726,0.49329,0.61807,0.5381,0.5549,0.56619,0.55804,0.67558,0.697,0.49396,0.64101,0.56804,0.58529,0.65961,0.57823,0.6139,0.35983,0.64801,0.62692,0.68855,0.71862,0.5479,0.59668,0.56637,0.75891,0.66247,0.4998,0.5946,0.61023,0.81796,0.81751,0.48202,0.48229,0.50981,0.49172,0.64549,0.65062,0.72071,0.65765,0.58839,0.67142,0.50668,0.6605,0.59859,0.27821,0.11013,0.5301,0.49153,0.78206,1.0,0.7757,0.58223,0.57415,0.50733,0.44405,0.70594,0.71813,0.49426,0.49663,0.66173,0.28486,0.88642,0.66513,0.59696,0.83462,0.76174,0.64156,0.67672,0.62541,0.33302,0.41736,0.48995,0.74612,0.56031]},{"geotype":0,"curve":[0.6583,0.71538,0.58428,0.51776,0.67162,0.72206,0.67152,0.75218,0.62393,0.54991,0.58848,0.58714,0.60708,0.72628,0.69272,0.64238,0.63536,0.44415,0.51155,0.71624,0.61473,0.70478,0.76514,0.51305,0.6423,0.63389,0.53559,0.67587,0.71414,0.61881,0.61828,0.53547,0.51979,0.66079,0.59567,0.66916,0.54542,0.73413,0.67446,0.40243,0.76999,0.42232,0.56791,0.67464,0.57773,0.4916,0.60014,0.67206,0.54337,0.89861,0.72871,0.54999,0.56427,0.51238,0.68968,0.74174,0.75837,0.4794,0.62706,0.89941,0.67147,0.79507,0.62161,0.32038,0.80177,0.61765,0.5361,0.64607,0.56228,0.62387,0.58282,0.63074,0.14852,0.59794,0.5883,0.87213,0.79449,0.57741,0.75896,0.48357,0.9282,0.32451,0.55972,0.59972,0.26162,0.86362,0.79833,0.49782,1.0,0.82999,0.56356,0.679,0.29312,0.61877,0.91444,0.80699]},{"geotype":1,"curve":[0.22573,0.17154,0.26785,0.33683,0.2944,0.32383,0.30107,0.28159,0.32413,0.27133,0.27629,0.30619,0.32592,0.34499,0.30755,0.27675,0.28993,0.29532,0.3133,0.33759,0.28012,0.25501,0.31941,0.29079,0.32008,0.35482,0.29291,0.25647,0.18509,0.24285,0.30465,0.35993,0.35286,0.23501,0.26508,0.23603,0.31262,0.40614,0.25691,0.31174,0.32104,0.31446,0.39628,0.30112,0.26198,0.28215,0.25562,0.32668,0.33878,0.22656,0.18098,0.21975,0.31674,0.29232,0.53013,0.41625,0.26505,0.37551,0.17155,0.26771,0.27847,0.38638,0.34275,0.24428,0.37783,0.19301,0.29946,0.31058,0.27614,0.28247,0.32717,0.36286,0.19276,0.32238,0.29262,0.20942,0.41557,0.32665,0.25503,0.34882,0.36293,0.32542,0.29105,0.28504,0.22007,0.28391,0.30825,0.33926,0.26702,0.28029,0.3725,0.16401,0.40589,-0.12276,-1.0,-0.26746]},{"geotype":1,"curve":[0.3711,0.32245,0.30765,0.35673,0.30201,0.29516,0.34575,0.3269,0.29535,0.33148,0.32275,0.28762,0.36922,0.33472,0.31872,0.34056,0.30003,0.31879,0.34191,0.28085,0.31457,0.29633,0.31513,0.35115,0.37829,0.36275,0.39034,0.36996,0.28967,0.36364,0.20027,0.19812,0.32705,0.21857,0.36553,0.45022,0.38713,0.39026,0.32083,0.29815,0.16887,0.30361,0.39796,0.37251,0.4222,0.40348,0.30523,0.31486,0.27012,0.29395,0.38673,0.40876,0.41194,0.22751,0.28089,0.15081,0.32884,0.44542,0.26636,0.35881,0.32808,0.27965,0.46764,0.46672,0.36024,0.29675,0.18613,0.24181,0.26747,0.35082,0.31467,0.22013,0.29237,0.25528,0.39002,0.51952,0.34905,0.34247,0.26516,0.19647,0.31904,0.32404,0.42132,0.48398,0.45074,0.44966,0.23211,0.28238,0.24332,0.32226,0.39419,0.12368,0.18491,0.45483,1.0,0.88556]},{"geotype":1,