{"schema":"flowdna.trace/v1","case_id":"MIX04_homog_vs_dp","t_grid":[100.0,121.39772,147.37406,178.90875,217.19114,263.66509,320.0834,388.57395,471.71991,572.65722,695.1928,843.9482,1024.53386,1243.76073,1509.89716,1832.98071,2225.19677,2701.33812,3279.36286,3981.07171,4832.93024,5867.06707,7122.48558,8646.53503,10496.69629,12742.74986,15469.40765,18779.50802,22797.89436,27676.12371,33598.18286,40787.42759,49515.00669,60110.08864,72972.27645,88586.67904,107542.20761,130553.7869,158489.31925,192402.41828,233572.14691,283551.25835,344224.75957,417881.00603,507298.00907,615848.21107,747625.68016,907600.52168,1101806.33011,1337567.75153,1623776.73919,1971227.92152,2393025.73118,2905078.65051,3526699.21417,4281332.39872,5197439.87087,6309573.4448,7659678.23475,9298674.65261,11288378.91685,13703834.50663,16636142.49384,20195897.50164,24517358.87979,29763514.41631,36132227.56796,43863700.0578,53249531.29838,64643716.3249,78475997.03515,95268070.2902,115653264.17903,140400424.55483,170442912.74532,206913808.11148,251188643.15096,304937282.93873,370186905.58462,449398459.07217,545559478.11685,662296761.71483,804013161.11679,976053637.3079,1184906851.00067,1438449888.28767,1746245352.00162,2119902023.84961,2573512700.01691,3124185713.60267,3792690190.73224,4604239376.75877,5589441576.40337,6785454573.39357,8237387069.57101,10000000000.0],"preprocessing":{"derivative_order":1,"L":0.2,"norm":"max","n_points":96},"dtw_window":10,"k":2,"medoids":[[0.50993,0.59204,0.53707,0.50197,0.53675,0.53185,0.52206,0.55764,0.52381,0.50251,0.50842,0.474,0.51838,0.55787,0.59984,0.48358,0.50385,0.44614,0.40992,0.64671,0.68895,0.53884,0.58032,0.51432,0.409,0.51693,0.49008,0.35513,0.53229,0.45601,0.48746,0.65375,0.41366,0.68722,0.55961,0.52602,0.60334,0.53843,0.45988,0.52972,0.48458,0.47935,0.46635,0.50958,0.65073,0.50199,0.59396,0.36333,0.41487,0.52938,0.61265,0.66921,0.5397,0.40527,0.39928,0.4609,0.56624,0.65415,0.67658,0.50752,0.52038,0.64447,0.44996,0.58856,0.34908,0.52087,0.3572,0.51341,0.679,0.32255,0.57197,0.33334,0.53056,0.52568,0.44053,0.71349,0.40663,0.34956,0.77371,0.32131,0.47726,0.47116,0.43672,0.66713,0.41468,0.82271,0.51476,0.57373,0.69029,0.47696,0.50109,0.4661,0.38018,0.53501,1.0,0.68171],[0.41489,0.33679,0.64792,0.64519,0.61859,0.683,0.61321,0.62952,0.71573,0.54237,0.34544,0.50826,0.37955,0.5601,0.62984,0.6346,0.61139,0.70767,0.60898,0.41672,0.50642,0.27629,0.46791,0.45782,0.44818,0.3535,0.37862,0.3866,0.38138,0.20088,-0.09822,0.06851,-0.06589,0.12114,0.31784,0.06104,0.00975,-0.08145,-0.03807,0.31563,0.07797,0.31476,0.24008,-0.04189,0.32063,0.15605,0.28834,0.31664,0.28897,0.52539,0.30129,0.51782,0.64769,0.52391,0.6433,0.67038,0.45975,0.51315,1.0,0.45627,0.6593,0.62295,0.2646,0.68482,0.70109,0.52582,0.6722,0.62375,0.71116,0.88065,0.65701,0.58252,0.38825,0.46506,0.55278,0.40813,0.71315,0.74165,0.55031,0.79524,0.60432,0.4484,0.45702,0.39868,0.68988,0.514,0.85243,0.71955,0.29891,0.78879,0.4441,0.78423,0.9435,0.52002,0.34934,0.49528]],"geotype_counts":[31,29],"silhouette":0.2678,"k_table":{"k":[2,3,4],"silhouette":[0.2678,0.2516,0.2195],"cost":[68.91,63.33,59.25]},"samples":[{"geotype":0,"curve":[0.57328,0.45783,0.67332,0.75223,0.74553,0.77569,0.63707,0.69768,0.58507,0.633,0.8114,0.62555,0.71938,0.682,0.4681,0.65995,0.63598,0.53476,0.92387,0.63891,0.95412,0.7668,0.61864,0.77759,0.46159,0.61952,0.56407,0.62898,0.76117,0.78548,0.69719,0.73673,0.79294,0.64387,0.66077,0.68908,0.45222,0.60166,0.70478,0.605,0.66021,0.88837,0.64242,0.7194,0.58015,0.5663,0.72261,0.57017,0.91533,0.84932,0.71495,0.82691,0.52464,0.42117,0.52757,0.66551,0.89773,0.63139,0.63463,0.78505,0.40775,0.7665,0.70282,0.68268,0.49969,0.70598,0.76971,0.51436,0.99139,0.76468,0.77118,0.71941,0.65957,0.52952,0.6684,0.48565,0.74169,0.64267,0.65214,1.0,0.67991,0.76061,0.88625,0.52128,0.2639,0.3777,0.4901,0.55373,0.76199,0.9677,0.64394,0.83152,0.76392,0.6944,0.98511,0.62221]},{"geotype":0,"curve":[0.47443,0.55609,0.5171,0.55801,0.63673,0.64938,0.67386,0.56592,0.57962,0.6391,0.57072,0.6438,0.61953,0.53511,0.57782,0.63376,0.54002,0.55169,0.5491,0.45241,0.65272,0.57217,0.66884,0.70241,0.62002,0.69541,0.55611,0.5824,0.56097,0.46714,0.4778,0.62202,0.77306,0.78677,0.74252,0.57011,0.30508,0.49451,0.53314,0.65917,0.62666,0.75527,0.75793,0.63086,0.72408,0.40488,0.36775,0.60232,0.55445,0.5798,0.72228,0.43778,0.47319,0.62184,0.55799,0.70682,0.67276,0.43638,0.55037,0.54832,0.64583,0.76137,0.86921,0.32915,0.59204,0.63124,0.53977,0.92468,0.53197,0.61021,0.62944,0.28362,0.57721,0.33437,0.38503,1.0,0.54466,0.65198,0.54888,0.24746,0.75194,0.58122,0.54872,0.74785,0.50685,0.84628,0.95141,0.6402,0.97647,0.33819,0.30083,0.44826,0.24038,0.65524,0.32587,0.58009]},{"geotype":0,"curve":[0.6583,0.71538,0.58428,0.51776,0.67162,0.72206,0.67152,0.75218,0.62393,0.54991,0.58848,0.58714,0.60708,0.72628,0.69272,0.64238,0.63536,0.44415,0.51155,0.71624,0.61473,0.70478,0.76514,0.51305,0.6423,0.63389,0.53559,0.67587,0.71414,0.61881,0.61828,0.53547,0.51979,0.66079,0.59567,0.66916,0.54542,0.73413,0.67446,0.40243,0.76999,0.42232,0.56791,0.67464,0.57773,0.4916,0.60014,0.67206,0.54337,0.89861,0.72871,0.54999,0.56427,0.51238,0.68968,0.74174,0.75837,0.4794,0.62706,0.89941,0.67147,0.79507,0.62161,0.32038,0.80177,0.61765,0.5361,0.64607,0.56228,0.62387,0.58282,0.63074,0.14852,0.59794,0.5883,0.87213,0.79449,0.57741,0.75896,0.48357,0.9282,0.32451,0.55972,0.59972,0.26162,0.86362,0.79833,0.49782,1.0,0.82999,0.56356,0.679,0.29312,0.61877,0.91444,0.80699]},{"geotype":1,"curve":[0.56312,0.88285,0.51626,0.62759,0.85397,0.47644,0.78484,0.53797,0.41985,0.74425,0.48073,0.67718,0.60304,0.61667,0.68379,0.54596,0.61006,0.44196,0.61084,0.50602,0.70146,0.34865,0.31291,0.23242,0.10708,0.41887,0.30473,0.31197,0.31112,0.08247,0.02383,0.09282,-0.1529,0.07786,-0.03162,0.08807,0.11254,0.08899,-0.00302,0.03516,0.04328,0.05818,0.53449,0.16706,0.35823,0.35318,0.11884,0.46887,0.36897,0.60099,0.61288,0.45282,0.57361,0.68915,0.4042,0.81055,0.88151,0.4147,0.79384,0.7097,0.59207,0.70068,0.69627,0.37247,0.64058,0.47935,0.80969,0.76145,0.34022,0.7051,0.4554,0.66201,0.80254,0.82891,0.7521,0.61058,0.70057,0.47451,0.72852,0.72396,0.60595,0.8435,0.67678,0.94085,0.60137,0.76755,0.63843,0.3856,0.79971,0.41743,0.49296,1.0,0.73848,0.73764,0.54113,0.02631]},{"geotype":1,"curve":[0.52807,0.5969,0.47693,0.39233,0.58363,0.55007,0.59878,0.53153,0.23687,0.5926,0.45554,0.48105,0.52949,0.3981,0.43353,0.51322,0.60644,0.37283,0.41136,0.49978,0.48191,0.42414,0.4371,0.29507,0.34225,0.4547,0.32565,0.47106,0.32895,0.26872,0.31941,-0.02274,0.09161,0.18352,0.03749,0.06286,0.15911,0.01813,0.02566,0.1436,0.0301,0.15937,0.29327,0.29784,0.1234,0.25057,0.16383,0.2916,0.35523,0.29402,0.54459,0.48771,0.52396,0.4569,0.34763,0.49757,0.62542,0.39178,0.50846,0.24716,0.21832,0.59137,0.65906,0.50263,0.65297,0.54077,0.29911,0.65385,0.43358,0.29584,0.6841,0.48951,0.5944,0.60557,0.34124,0.54621,0.37398,0.60513,0.47659,0.40676,0.47589,0.31174,0.74564,0.31507,0.48044,0.60689,0.13737,0.78235,0.43846,0.505,0.51501,0.27572,1.0,0.48045,-0.22798,0.67196]},{"geotype":1,"curve":[0.65135,0.65795,0.61463,0.5585,0.59121,0.61671,0.68063,0.55079,0.82261,0.74032,0.53536,0.68905,0.34315,0.63543,0.74825,0.61599,0.59734,0.55608,0.57959,0.47204,0.76506,0.59091,0.47561,0.73083,0.44435,0.39493,0.46399,0.47939,0.49761,0.45695,0.17152,0.1353,0.0849,-0.06326,0.30198,-0.0476,-0.00887,0.13224,0.21411,0.36976,0.21095,0.17409,0.10036,0.06842,0.17084,0.40514,0.24422,0.46784,0.46369,0.64387,0.58722,0.49852,0.81632,0.54972,0.59561,0.79819,0.5165,0.52291,0.40198,0.41316,0.98638,0.45958,0.9715,0.77472,0.0827,0.86713,0.42406,0.68801,1.0,0.61808,0.83245,0.86078,0.77166,0.76263,0.67159,0.53437,0.41658,0.54024,0.46911,0.32095,0.44006,0.63484,0.67518,0.81504,0.82418,0.49116,0.81851,0.67352,0.44674,0.984,0.51044,0.62956,0.78271,0.45271,0.67793,0.55813]}],"calibration_scores":{"0":[0.83894,0.84802,0.88653,0.92539,0.92566,0.97238,0.98978,0.99257,1.00853,1.03156,1.11711,1.19477,1.28928,1.35765],