{"schema":"flowdna.trace/v1","case_id":"CTRL_single_regime","t_grid":[100.0,121.39772,147.37406,178.90875,217.19114,263.66509,320.0834,388.57395,471.71991,572.65722,695.1928,843.9482,1024.53386,1243.76073,1509.89716,1832.98071,2225.19677,2701.33812,3279.36286,3981.07171,4832.93024,5867.06707,7122.48558,8646.53503,10496.69629,12742.74986,15469.40765,18779.50802,22797.89436,27676.12371,33598.18286,40787.42759,49515.00669,60110.08864,72972.27645,88586.67904,107542.20761,130553.7869,158489.31925,192402.41828,233572.14691,283551.25835,344224.75957,417881.00603,507298.00907,615848.21107,747625.68016,907600.52168,1101806.33011,1337567.75153,1623776.73919,1971227.92152,2393025.73118,2905078.65051,3526699.21417,4281332.39872,5197439.87087,6309573.4448,7659678.23475,9298674.65261,11288378.91685,13703834.50663,16636142.49384,20195897.50164,24517358.87979,29763514.41631,36132227.56796,43863700.0578,53249531.29838,64643716.3249,78475997.03515,95268070.2902,115653264.17903,140400424.55483,170442912.74532,206913808.11148,251188643.15096,304937282.93873,370186905.58462,449398459.07217,545559478.11685,662296761.71483,804013161.11679,976053637.3079,1184906851.00067,1438449888.28767,1746245352.00162,2119902023.84961,2573512700.01691,3124185713.60267,3792690190.73224,4604239376.75877,5589441576.40337,6785454573.39357,8237387069.57101,10000000000.0],"preprocessing":{"derivative_order":1,"L":0.2,"norm":"zscore","n_points":96},"dtw_window":10,"k":2,"medoids":[[-0.03822,-1.0641,-0.28839,0.81827,0.12496,0.24332,0.72854,-0.11938,-0.08913,0.01553,-0.18608,-0.26315,0.27687,0.5744,-0.03369,0.71418,0.51786,-0.28332,0.32318,0.88865,-1.31391,0.35482,0.09029,-0.99357,0.59516,0.37053,-0.7904,-0.73125,0.49887,-0.63651,0.98485,0.59159,-1.01014,-1.13865,-1.92658,-2.02881,-1.3419,-0.96924,-2.11512,-0.50904,-1.47207,-1.82909,-0.06105,-1.3375,0.75358,0.20296,-1.11892,0.19381,-1.23791,-0.93242,0.07974,0.11102,-0.71405,0.40207,1.79971,-0.33827,1.16863,0.78879,-0.34754,0.93086,-0.57559,0.18235,-0.57413,-1.30349,0.48018,0.79722,0.92396,1.04022,0.81932,-0.14147,-0.36865,0.9911,0.2735,0.71851,-0.61268,-1.04516,-0.45807,-1.38789,0.4117,0.96827,1.51686,1.45458,0.16954,-1.93759,-1.5068,-1.00109,1.50461,1.67913,0.20469,1.32667,0.01402,0.01445,1.30983,0.77479,2.15409,3.2994],[0.91957,-0.42855,0.31009,0.9284,0.18529,0.59481,0.5558,0.44921,1.08649,-0.03352,-0.0295,-0.31219,-0.50465,0.9244,0.43137,1.03452,0.56814,-1.10095,-0.55605,-0.75696,-0.0931,0.57202,0.5637,1.24397,0.11178,0.39203,0.97949,-0.06905,0.02636,0.19141,-0.41122,-1.25657,-1.29529,-0.86887,-1.39154,0.07629,-0.71986,-1.55115,-0.94857,-1.81156,-1.4005,-1.44652,0.30861,-1.47647,0.04279,-0.26958,-0.98801,0.86131,-1.04462,0.93187,-0.69119,-0.43178,0.58519,-1.12579,1.16493,-0.09716,-0.31756,1.34664,-0.15461,1.18039,1.11882,1.0648,-0.79106,-0.30979,0.50535,0.12167,1.45511,1.33695,0.98139,0.21652,-0.07211,0.94786,-0.76596,0.18428,0.15383,-1.21971,0.83938,-0.09188,1.46629,0.88011,-0.65931,0.30329,0.7358,0.1727,0.12765,-0.49859,-2.53383,-0.12441,0.87338,1.99252,1.58437,-0.06883,1.64189,-1.80603,-4.12918,-0.61722]],"geotype_counts":[16,14],"silhouette":0.1376,"k_table":{"k":[2,3,4,5,6],"silhouette":[0.1376,0.0876,0.0947,0.0678,0.0557],"cost":[173.23,162.37,154.24,146.19,139.39]},"samples":[{"geotype":0,"curve":[-0.66241,-1.74437,0.15811,1.15411,0.35083,0.58775,0.01305,0.40271,0.17019,0.43792,0.57999,0.64944,0.16347,0.46062,-0.21635,-0.52698,0.8999,-0.20256,0.58499,0.26195,-0.1482,0.23409,-0.2781,-0.43343,0.16519,-0.58233,0.02983,0.48345,-0.73363,0.3589,-1.39881,-1.61728,-0.51581,-1.58032,-0.00848,-0.6612,-1.55721,-1.01046,-1.38302,-0.75722,-0.89447,-1.14429,-1.85008,-1.58258,-1.1761,-0.09098,0.35291,-0.42223,0.64587,-0.45265,-0.27581,0.62259,-0.06001,1.11887,0.16065,0.79056,0.63138,-0.69816,0.14862,-1.15895,-0.25174,-0.4667,1.77957,3.4912,-0.67972,1.08604,-0.90556,-1.44446,1.37891,-0.93762,0.64481,0.11239,-0.11528,0.78735,1.9564,0.39041,1.50664,1.10909,-1.20589,-0.97166,-0.54908,0.78741,0.6142,1.48852,1.55464,1.25827,-1.30611,1.97801,-1.06259,-1.11422,1.90603,-1.61757,0.96243,0.55728,-0.21817,0.70333]},{"geotype":0,"curve":[0.43249,0.35519,-0.24043,-0.33262,-0.21676,0.82892,0.96093,0.46548,0.70974,-0.38808,-0.11904,0.75839,-0.28348,-0.19894,0.40263,-0.42659,0.23688,0.56813,0.04031,1.07032,0.89097,1.36644,0.51498,0.19586,-1.07502,-0.34951,-0.71706,-1.0786,-0.48133,-0.32343,-0.08593,-0.52529,-0.45507,-2.26009,-1.30777,-1.2594,-0.85513,-0.98888,-1.09273,-1.52727,-1.6996,0.03848,-0.9093,-0.43383,-0.50667,-1.65708,-0.92494,-0.36273,-0.7372,-0.19924,-0.89836,-0.79435,0.06966,0.64658,1.02893,0.36269,0.13349,-0.02555,0.81802,0.93278,1.38319,0.69688,-1.35187,-0.68736,-0.02027,-1.05063,0.44797,-0.26987,-0.53209,1.79879,0.63704,1.01218,2.08489,0.61103,0.49466,1.1077,-1.1652,-0.42014,0.63987,-1.00034,2.7565,1.44337,-1.56039,1.27279,-2.71018,-1.05192,2.2092,-0.19013,1.21076,1.16208,-0.59537,-0.00786,0.52211,-0.31951,1.17079,2.18034]},{"geotype":0,"curve":[-1.38478,-0.81894,-0.74752,-0.87342,1.06043,-0.07619,1.13392,0.7458,-0.05301,1.01499,-0.24288,0.52671,0.54515,0.71247,0.87026,0.44476,-0.83872,-0.68325,0.54199,0.76467,0.64204,0.42943,-0.66653,-0.11449,0.16772,-0.3465,-0.77176,-0.28139,-0.57795,-0.25425,0.37696,-1.18116,-1.73454,-0.0349,-2.54719,-0.59353,0.36252,-1.83288,0.11262,-1.2643,-1.63656,-1.5637,-1.67074,-0.37846,-1.18366,-1.36517,-0.68811,-1.44957,0.1073,0.08511,0.439,-0.17693,1.3,0.01485,0.86547,0.97711,-1.28159,0.55538,0.05545,0.01957,0.9626,1.13706,-0.91508,-0.54966,0.35359,1.39592,2.14716,0.58043,0.32071,1.14172,0.44824,1.63326,1.65055,-1.69283,-1.39745,-1.33657,-0.09871,0.12018,1.21764,0.40366,-0.50048,0.93265,1.59101,2.11904,-0.52354,-0.51767,-0.61918,-1.03661,1.23038,0.35006,-1.34663,0.83168,0.38032,1.21295,1.6968,1.1196]},{"geotype":1,"curve":[1.42158,0.4957,0.72836,1.07238,-0.13403,0.38842,-0.16708,-0.03304,1.49205,0.06837,0.41267,0.57991,-1.33574,0.13272,0.09433,-0.80173,1.48057,-0.16101,2.2977,0.55404,0.41844,0.71386,-1.53836,-0.14963,-1.1631,-0.22575,0.20894,0.28426,-0.21996,-0.18723,0.28716,-0.75564,-1.24471,-0.88615,-2.91428,-1.51693,-0.79755,-1.57292,-0.94199,-0.03478,-1.33453,-0.7856,-1.83224,-1.20827,-0.28505,-1.22375,0.83943,-0.0749,-0.13643,0.69913,-0.62948,-1.44254,-1.06756,-0.21863,1.28163,0.63667,0.52621,0.79649,-0.79641,0.28609,0.17536,0.71814,-1.28111,0.58289,1.57047,-0.83945,1.93725,0.77487,-0.0419,0.90116,0.7421,-0.47295,0.3962,-1.05999,1.09554,-0.00878,0.45379,2.36626,-0.03753,1.47881,0.61565,-0.79198,-1.93952,-2.00065,-0.0388,0.13271,0.22692,1.87877,0.27053,0.93533,1.53383,0.52518,-0.47152,-0.49266,0.38842,-0.60345]},{"geotype":1,"curve":[1.44364,0.10392,0.9596,1.22609,-0.13347,-0.24705,0.20884,-0.31583,0.16378,0.58679,0.36783,0.34804,0.5086,0.35059,0.33251,0.06694,0.3883,0.4407,-0.02907,1.58352,0.23421,-0.39479,-0.00153,-1.4249,-0.8646,0.08287,0.576,0.38104,0.39475,0.17296,-0.5765,-0.3115,-0.15637,-0.81732,-1.28055,-1.03592,-1.03919,-0.66206,-0.63496,-0.32512,-1.01952,-1.71735,-0.50462,-2.01404,-0.04385,0.22029,-1.02246,0.71808,-0.12395,0.30264,0.82883,-0.41845,0.54266,0.48042,0.44038,1.30671,-0.79015,-0.26079,-0.36774,0.31559,0.066,-0.30311,0.20501,-0.26819,0.54383,1.22783,0.71916,0.99274,0.26616,-0.91218,-0.15839,-0.27834,1.36155,0.96701,0.80319,-0.52202,-0.50191,-0.00336,0.94202,1.18889,-0.67318,-0.00262,0.87556,-0.45191,2.39389,1.57337,-2.51985,0.53311,-0.25691,-0.51069,2.18575,0.13957,0.51306,-0.867,-5.29583,-1.5157]},{"geotype":1,