{"schema":"flowdna.trace/v1","case_id":"CTRL_single_regime","t_grid":[100.0,121.39772,147.37406,178.90875,217.19114,263.66509,320.0834,388.57395,471.71991,572.65722,695.1928,843.9482,1024.53386,1243.76073,1509.89716,1832.98071,2225.19677,2701.33812,3279.36286,3981.07171,4832.93024,5867.06707,7122.48558,8646.53503,10496.69629,12742.74986,15469.40765,18779.50802,22797.89436,27676.12371,33598.18286,40787.42759,49515.00669,60110.08864,72972.27645,88586.67904,107542.20761,130553.7869,158489.31925,192402.41828,233572.14691,283551.25835,344224.75957,417881.00603,507298.00907,615848.21107,747625.68016,907600.52168,1101806.33011,1337567.75153,1623776.73919,1971227.92152,2393025.73118,2905078.65051,3526699.21417,4281332.39872,5197439.87087,6309573.4448,7659678.23475,9298674.65261,11288378.91685,13703834.50663,16636142.49384,20195897.50164,24517358.87979,29763514.41631,36132227.56796,43863700.0578,53249531.29838,64643716.3249,78475997.03515,95268070.2902,115653264.17903,140400424.55483,170442912.74532,206913808.11148,251188643.15096,304937282.93873,370186905.58462,449398459.07217,545559478.11685,662296761.71483,804013161.11679,976053637.3079,1184906851.00067,1438449888.28767,1746245352.00162,2119902023.84961,2573512700.01691,3124185713.60267,3792690190.73224,4604239376.75877,5589441576.40337,6785454573.39357,8237387069.57101,10000000000.0],"preprocessing":{"derivative_order":1,"L":0.2,"norm":"zscore","n_points":96},"dtw_window":10,"k":2,"medoids":[[0.37453,0.17772,0.95815,0.47025,0.25289,0.11068,-0.63115,0.74471,-0.61702,-0.45547,0.43401,-0.53442,1.34238,1.22295,0.20093,0.98758,0.04241,-0.11729,0.38727,-0.63507,0.28885,0.22229,0.86219,0.7771,-0.01595,0.13933,-0.36804,-1.15162,0.09775,0.00174,-0.22636,0.93641,-0.8631,-1.56344,-1.61586,-2.33326,-1.03539,-2.07974,-0.55752,-2.22275,-1.28154,-0.555,-2.2155,0.62982,-1.28543,-0.31131,-0.62142,-0.30903,-0.36242,-0.17361,0.0496,-1.65189,-0.90872,-0.45252,0.70426,0.93029,2.85379,1.15956,1.64708,0.70167,-0.54671,0.57958,-0.40204,0.92442,0.06894,-0.16907,0.04702,0.62717,0.70142,0.86567,0.55076,-0.746,0.44065,-1.5245,0.96129,0.01166,0.12287,1.98095,-0.76005,0.93922,-0.78492,0.85848,-0.06876,0.13445,2.05942,1.09978,0.90694,0.95443,0.34917,-0.85048,0.33789,0.22383,0.87667,-0.11104,-3.32756,0.1121],[-0.03822,-1.0641,-0.28839,0.81827,0.12496,0.24332,0.72854,-0.11938,-0.08913,0.01553,-0.18608,-0.26315,0.27687,0.5744,-0.03369,0.71418,0.51786,-0.28332,0.32318,0.88865,-1.31391,0.35482,0.09029,-0.99357,0.59516,0.37053,-0.7904,-0.73125,0.49887,-0.63651,0.98485,0.59159,-1.01014,-1.13865,-1.92658,-2.02881,-1.3419,-0.96924,-2.11512,-0.50904,-1.47207,-1.82909,-0.06105,-1.3375,0.75358,0.20296,-1.11892,0.19381,-1.23791,-0.93242,0.07974,0.11102,-0.71405,0.40207,1.79971,-0.33827,1.16863,0.78879,-0.34754,0.93086,-0.57559,0.18235,-0.57413,-1.30349,0.48018,0.79722,0.92396,1.04022,0.81932,-0.14147,-0.36865,0.9911,0.2735,0.71851,-0.61268,-1.04516,-0.45807,-1.38789,0.4117,0.96827,1.51686,1.45458,0.16954,-1.93759,-1.5068,-1.00109,1.50461,1.67913,0.20469,1.32667,0.01402,0.01445,1.30983,0.77479,2.15409,3.2994]],"geotype_counts":[18,12],"silhouette":0.1369,"k_table":{"k":[2,3,4,5,6],"silhouette":[0.1369,0.0832,0.0701,0.0845,0.0665],"cost":[172.62,160.85,153.04,145.81,138.79]},"samples":[{"geotype":0,"curve":[1.42158,0.4957,0.72836,1.07238,-0.13403,0.38842,-0.16708,-0.03304,1.49205,0.06837,0.41267,0.57991,-1.33574,0.13272,0.09433,-0.80173,1.48057,-0.16101,2.2977,0.55404,0.41844,0.71386,-1.53836,-0.14963,-1.1631,-0.22575,0.20894,0.28426,-0.21996,-0.18723,0.28716,-0.75564,-1.24471,-0.88615,-2.91428,-1.51693,-0.79755,-1.57292,-0.94199,-0.03478,-1.33453,-0.7856,-1.83224,-1.20827,-0.28505,-1.22375,0.83943,-0.0749,-0.13643,0.69913,-0.62948,-1.44254,-1.06756,-0.21863,1.28163,0.63667,0.52621,0.79649,-0.79641,0.28609,0.17536,0.71814,-1.28111,0.58289,1.57047,-0.83945,1.93725,0.77487,-0.0419,0.90116,0.7421,-0.47295,0.3962,-1.05999,1.09554,-0.00878,0.45379,2.36626,-0.03753,1.47881,0.61565,-0.79198,-1.93952,-2.00065,-0.0388,0.13271,0.22692,1.87877,0.27053,0.93533,1.53383,0.52518,-0.47152,-0.49266,0.38842,-0.60345]},{"geotype":0,"curve":[1.44364,0.10392,0.9596,1.22609,-0.13347,-0.24705,0.20884,-0.31583,0.16378,0.58679,0.36783,0.34804,0.5086,0.35059,0.33251,0.06694,0.3883,0.4407,-0.02907,1.58352,0.23421,-0.39479,-0.00153,-1.4249,-0.8646,0.08287,0.576,0.38104,0.39475,0.17296,-0.5765,-0.3115,-0.15637,-0.81732,-1.28055,-1.03592,-1.03919,-0.66206,-0.63496,-0.32512,-1.01952,-1.71735,-0.50462,-2.01404,-0.04385,0.22029,-1.02246,0.71808,-0.12395,0.30264,0.82883,-0.41845,0.54266,0.48042,0.44038,1.30671,-0.79015,-0.26079,-0.36774,0.31559,0.066,-0.30311,0.20501,-0.26819,0.54383,1.22783,0.71916,0.99274,0.26616,-0.91218,-0.15839,-0.27834,1.36155,0.96701,0.80319,-0.52202,-0.50191,-0.00336,0.94202,1.18889,-0.67318,-0.00262,0.87556,-0.45191,2.39389,1.57337,-2.51985,0.53311,-0.25691,-0.51069,2.18575,0.13957,0.51306,-0.867,-5.29583,-1.5157]},{"geotype":0,"curve":[1.72706,0.97084,0.6539,0.50059,-0.02424,0.57895,-0.51273,1.37131,-0.5172,-0.21124,0.70027,-0.80778,1.57035,0.32118,0.72538,-0.10882,0.24763,0.86389,0.24085,-0.04291,0.07197,-1.34546,-0.58953,0.06178,-0.99796,-0.30402,0.47342,-0.55649,0.24886,0.79875,-0.87498,0.44297,-1.28178,-1.19637,-0.4136,-1.43257,-0.44897,-1.761,-2.66235,-1.56386,-0.62217,-0.77651,0.74751,-0.55294,-1.30074,0.18749,-1.21471,-0.58627,-0.23992,-0.92425,0.94663,-0.38761,0.95558,1.01268,-0.91556,1.38839,-0.62619,0.37891,0.08731,0.30256,-0.31424,-0.09007,2.18478,-0.31031,0.7484,0.28769,0.13784,0.63809,0.72755,0.86001,-0.39948,-1.08426,-0.62847,1.05195,0.70186,2.403,0.46855,-0.98773,-1.2326,0.5065,0.71509,0.1183,-0.18797,-1.53682,0.52716,-1.09176,2.19103,1.55275,-1.13882,1.90272,0.42956,-1.33962,1.35893,-0.68195,-2.39329,1.12936]},{"geotype":1,"curve":[-0.66241,-1.74437,0.15811,1.15411,0.35083,0.58775,0.01305,0.40271,0.17019,0.43792,0.57999,0.64944,0.16347,0.46062,-0.21635,-0.52698,0.8999,-0.20256,0.58499,0.26195,-0.1482,0.23409,-0.2781,-0.43343,0.16519,-0.58233,0.02983,0.48345,-0.73363,0.3589,-1.39881,-1.61728,-0.51581,-1.58032,-0.00848,-0.6612,-1.55721,-1.01046,-1.38302,-0.75722,-0.89447,-1.14429,-1.85008,-1.58258,-1.1761,-0.09098,0.35291,-0.42223,0.64587,-0.45265,-0.27581,0.62259,-0.06001,1.11887,0.16065,0.79056,0.63138,-0.69816,0.14862,-1.15895,-0.25174,-0.4667,1.77957,3.4912,-0.67972,1.08604,-0.90556,-1.44446,1.37891,-0.93762,0.64481,0.11239,-0.11528,0.78735,1.9564,0.39041,1.50664,1.10909,-1.20589,-0.97166,-0.54908,0.78741,0.6142,1.48852,1.55464,1.25827,-1.30611,1.97801,-1.06259,-1.11422,1.90603,-1.61757,0.96243,0.55728,-0.21817,0.70333]},{"geotype":1,"curve":[-1.31501,-0.6047,-0.30537,0.1312,0.10894,-0.34319,-0.16031,-0.00511,0.53691,0.59446,0.78558,0.0155,0.11751,0.60949,0.30143,0.9327,0.24417,-0.04488,-0.43836,-1.1712,0.35818,-0.53714,0.35488,0.38502,-0.6841,0.56439,-0.2849,0.10476,-0.08109,-1.28758,-1.10322,-0.63702,-1.25592,-0.54654,-0.69332,-0.25518,-0.27081,-0.37186,-1.60863,-1.63395,-0.8807,-1.27172,-0.28564,-1.4321,0.27373,-0.51883,-0.03101,0.33124,-1.32365,-0.32293,-0.65964,-0.42984,0.10888,0.66264,1.09808,0.58208,0.47719,-0.30653,-0.31978,0.90342,1.69536,0.73188,0.1004,-1.03599,-1.64902,0.39354,1.85631,0.50766,1.58917,-0.62136,-1.50546,1.43317,-2.69138,1.53707,1.4043,-0.02258,1.30576,-0.36632,-1.03945,-0.35891,0.66835,0.57646,0.69543,-1.14211,0.65267,0.15643,-0.48504,1.86854,0.36357,0.61512,-0.1371,1.27144,-0.58013,0.46627,4.85019,-0.26486]},{"geotype":1,