{"schema":"flowdna.trace/v1","case_id":"WR01_baseline","t_grid":[100.0,121.39772,147.37406,178.90875,217.19114,263.66509,320.0834,388.57395,471.71991,572.65722,695.1928,843.9482,1024.53386,1243.76073,1509.89716,1832.98071,2225.19677,2701.33812,3279.36286,3981.07171,4832.93024,5867.06707,7122.48558,8646.53503,10496.69629,12742.74986,15469.40765,18779.50802,22797.89436,27676.12371,33598.18286,40787.42759,49515.00669,60110.08864,72972.27645,88586.67904,107542.20761,130553.7869,158489.31925,192402.41828,233572.14691,283551.25835,344224.75957,417881.00603,507298.00907,615848.21107,747625.68016,907600.52168,1101806.33011,1337567.75153,1623776.73919,1971227.92152,2393025.73118,2905078.65051,3526699.21417,4281332.39872,5197439.87087,6309573.4448,7659678.23475,9298674.65261,11288378.91685,13703834.50663,16636142.49384,20195897.50164,24517358.87979,29763514.41631,36132227.56796,43863700.0578,53249531.29838,64643716.3249,78475997.03515,95268070.2902,115653264.17903,140400424.55483,170442912.74532,206913808.11148,251188643.15096,304937282.93873,370186905.58462,449398459.07217,545559478.11685,662296761.71483,804013161.11679,976053637.3079,1184906851.00067,1438449888.28767,1746245352.00162,2119902023.84961,2573512700.01691,3124185713.60267,3792690190.73224,4604239376.75877,5589441576.40337,6785454573.39357,8237387069.57101,10000000000.0],"preprocessing":{"derivative_order":1,"L":0.2,"norm":"zscore","n_points":96},"dtw_window":10,"k":2,"medoids":[[0.29175,1.26727,0.43406,-0.28131,0.00532,0.56979,0.64743,0.25485,0.66253,0.12609,0.12271,1.00108,0.57211,0.52653,1.45495,0.57682,0.10594,0.52553,-0.41125,-0.14475,0.69794,0.37459,0.44763,1.11346,0.8445,0.75646,0.26893,0.40471,0.54253,0.25568,0.98394,0.11969,0.1399,0.24905,-0.46805,0.59079,-0.38937,0.14857,-0.52934,-1.56256,-0.16518,-1.50975,-0.30952,-0.14927,-1.82382,-0.97459,-2.0487,-2.21625,-1.87137,-1.6905,-1.56259,-1.10092,-0.73479,-2.17758,-1.2783,-1.80507,-1.98591,-1.52499,-2.00605,-0.63134,-1.1458,0.02359,-0.09855,-0.03286,0.45817,-0.38853,0.33153,-0.57319,0.00993,1.33211,-0.13144,0.55039,0.91389,-0.32524,1.7238,0.55226,0.88978,1.5571,-0.11295,0.29864,0.19587,-0.89477,2.03268,0.22272,0.47066,1.01795,-1.35835,1.02023,0.95209,-0.06857,1.98275,0.68917,-1.1811,1.26464,1.95285,0.13849],[0.94875,0.24153,0.57097,0.15035,0.12159,0.69356,-0.18522,0.22191,0.49997,0.57971,-0.04164,0.41184,0.15145,-0.30215,0.23819,-0.71753,-0.66655,-0.56956,-1.68286,-1.24713,-1.12636,-1.32565,-0.38839,-0.44208,-2.25372,-2.55302,-2.07176,-2.57738,-1.55153,-1.45487,-1.04441,-1.44275,-1.608,-1.4579,-1.33469,-0.81229,-1.00413,-0.61941,-0.23846,-0.51806,-0.3734,1.38922,0.72374,1.06128,0.96819,-0.65823,-0.55518,0.42847,0.15439,0.57205,0.60266,-0.09261,0.53382,0.71523,0.4947,0.36265,1.66168,0.52313,1.0514,0.95138,0.13037,0.26438,-0.91883,0.84232,0.36288,0.77898,1.32902,0.48207,1.78011,1.04577,-0.65804,1.53029,-0.61905,0.7685,1.11704,0.38977,1.10784,0.06561,1.89172,-1.04943,0.29777,1.70629,0.92149,1.35768,0.02333,-0.77782,0.15068,0.47551,0.46908,1.05531,-1.36529,0.1837,1.55014,-0.14334,-0.77692,0.12421]],"geotype_counts":[26,34],"silhouette":0.1821,"k_table":{"k":[2,3,4,5,6],"silhouette":[0.1821,0.115,0.1121,0.0808,0.0822],"cost":[336.92,318.07,305.75,295.58,287.8]},"samples":[{"geotype":0,"curve":[0.98584,0.67425,0.25324,0.60378,0.61228,1.05367,0.89313,0.29082,0.57631,0.81416,0.57449,0.3755,0.3291,0.11494,0.51666,0.83261,0.6951,0.66713,0.47651,0.27197,0.03853,0.073,0.88227,0.35903,0.25809,0.54369,0.86441,0.86729,0.50896,0.27801,-1.12105,-0.99397,-0.26151,-0.18222,-0.26904,0.67057,-0.15605,-0.39521,-0.60833,-2.14871,-2.16925,-1.25999,-1.11152,-1.43929,-0.8167,-1.833,-2.167,-0.91139,-1.57411,-1.63372,-1.04057,-2.19214,-1.0397,-0.34025,-0.42693,0.23852,-0.01527,-1.95232,-0.79037,0.14066,0.03048,1.28522,0.46391,0.42255,0.21447,-0.69991,-0.02367,-0.26666,-0.13682,2.72748,0.77952,0.02682,0.48618,-1.39395,0.86728,1.51634,1.22927,1.59434,-0.00998,0.92703,1.12895,0.31088,2.17902,-0.52068,0.55485,-0.10326,-0.46764,0.87786,-0.67149,1.95264,0.33104,0.56853,0.07017,-1.65315,-1.43093,-1.65156]},{"geotype":0,"curve":[-0.02967,-1.0531,0.07015,0.28131,-0.23945,-0.60214,-0.45422,0.32085,0.23735,0.87286,-0.00511,0.07104,-0.52601,-0.47954,0.26173,-0.73749,-0.14064,-0.14058,-1.1406,-1.12616,-0.30186,-0.69606,-0.08189,-0.45154,-1.67502,-1.35204,-1.18814,-0.56227,-0.96468,-0.36144,0.21932,-0.40757,1.68861,0.47898,-0.4991,0.61546,-0.59022,0.42478,0.76538,-0.31855,0.14457,-0.79876,-0.99519,0.48222,-0.16639,1.33039,0.38223,0.7729,1.26945,-1.12208,0.26455,-0.17775,-1.94513,-0.3469,0.04153,1.07591,1.03929,1.249,1.09922,-1.22426,0.81059,0.02629,-0.65677,0.71608,-0.00959,0.16107,1.44128,-0.18897,-0.2471,1.10866,-0.97578,0.11772,0.38485,-1.31035,-0.41736,0.80943,1.0384,1.23633,0.77357,0.1392,-0.27872,-1.4041,0.4546,0.94743,-0.88739,1.89303,1.40016,-1.4001,1.58547,-0.9159,-1.06575,-1.13586,-3.00535,0.14215,3.86385,2.29141]},{"geotype":0,"curve":[1.07978,1.23542,0.95944,0.03954,0.33251,0.45582,0.28411,1.08659,0.69078,0.26164,0.18947,0.01228,0.45068,0.5934,0.88096,0.75962,-0.02138,0.34126,-0.1247,0.44336,0.52851,0.68943,0.99023,0.54005,0.43466,0.39641,0.23589,0.14946,0.74717,-0.79072,-0.03541,-0.43307,-0.70553,0.72291,-0.69266,-0.1435,-0.35214,-1.16171,-0.79159,-1.01637,-1.45151,-1.30993,-1.21847,-1.9111,-1.16666,-0.9754,-1.81559,-1.24931,-1.453,-1.71716,0.12794,-1.4364,-1.52827,-1.0403,-1.80898,-0.68936,0.11324,-0.31335,-0.34873,0.0541,0.32081,1.06318,-0.33408,0.51,-0.35002,-0.48397,1.48204,1.16133,1.64875,0.17296,-0.49676,0.15811,1.00391,1.54782,0.95719,0.33858,-0.68511,-0.09532,0.78256,1.03773,0.60055,1.02065,0.47827,0.88801,1.39989,0.33599,0.58353,-0.62763,-0.57607,-0.13507,0.82418,2.3282,1.04967,0.29626,-2.53,-3.80051]},{"geotype":1,"curve":[-0.1378,-0.41127,-0.06608,-0.30177,0.15621,0.23905,0.40817,1.08249,0.71872,0.67252,-0.25069,-0.4933,0.04387,-0.38379,0.05085,0.37347,-0.36606,0.22624,0.05068,-0.32517,-0.00507,-0.08772,0.1695,-0.47373,-1.0735,-0.6638,-0.97196,-1.98898,-0.84487,-2.18783,-0.47537,-0.06005,-1.54084,-0.07953,-2.43,-1.21876,-0.67886,-0.07399,-0.56379,1.18185,0.58204,0.22126,1.62505,0.49572,0.3287,0.06033,-0.14479,-0.77081,0.7611,-0.15265,-0.66003,1.12084,0.37185,0.87105,2.66737,-0.51594,-0.1439,0.6216,-1.29017,0.58056,0.65174,-0.18455,0.885,-0.18458,-0.2858,0.05318,0.21435,0.31363,1.54493,-0.40182,0.42957,0.49413,-0.29494,1.31781,0.24162,0.17389,-1.08533,0.03191,-0.42729,1.22681,1.38854,1.43257,0.48804,-1.61295,-0.21981,-1.46874,0.94566,1.81894,0.59123,0.65423,1.09226,1.59694,1.24681,0.17261,-3.18063,-3.50819]},{"geotype":1,"curve":[-1.07809,-0.50259,-0.2779,0.06714,0.02867,-0.35868,-0.2157,-0.101,0.32606,0.35374,0.4851,-0.19568,-0.1503,0.2196,-0.0975,0.37661,-0.26958,-0.5895,-0.99929,-1.71172,-0.50951,-1.35428,-0.67477,-0.70225,-1.6364,-0.57861,-1.24191,-0.81076,-0.81405,-1.63108,-1.24392,-0.5877,-0.87189,-0.0262,0.04935,0.63492,0.72474,0.71481,-0.40502,-0.38227,0.26691,-0.15392,0.69385,-0.47484,1.10824,0.22837,0.60815,0.86226,-0.86676,0.0035,-0.43395,-0.28183,0.19298,0.69949,1.10655,0.56357,0.44454,-0.34882,-0.36429,0.86377,1.64558,0.69372,0.05607,-1.08821,-1.68665,0.34906,1.80786,0.4672,1.54861,-0.67148,-1.54506,1.39786,-2.76724,1.5049,1.36646,-0.06521,1.28564,-0.41055,-1.08986,-0.4038,0.63415,0.53539,0.66103,-1.20812,0.61342,0.10668,-0.54298,1.85083,0.32008,0.57975,-0.18516,1.22855,-0.62964,0.42356,4.84216,-0.30498]},{"geotype":1,