{"schema":"flowdna.trace/v1","case_id":"WR01_baseline","t_grid":[100.0,121.39772,147.37406,178.90875,217.19114,263.66509,320.0834,388.57395,471.71991,572.65722,695.1928,843.9482,1024.53386,1243.76073,1509.89716,1832.98071,2225.19677,2701.33812,3279.36286,3981.07171,4832.93024,5867.06707,7122.48558,8646.53503,10496.69629,12742.74986,15469.40765,18779.50802,22797.89436,27676.12371,33598.18286,40787.42759,49515.00669,60110.08864,72972.27645,88586.67904,107542.20761,130553.7869,158489.31925,192402.41828,233572.14691,283551.25835,344224.75957,417881.00603,507298.00907,615848.21107,747625.68016,907600.52168,1101806.33011,1337567.75153,1623776.73919,1971227.92152,2393025.73118,2905078.65051,3526699.21417,4281332.39872,5197439.87087,6309573.4448,7659678.23475,9298674.65261,11288378.91685,13703834.50663,16636142.49384,20195897.50164,24517358.87979,29763514.41631,36132227.56796,43863700.0578,53249531.29838,64643716.3249,78475997.03515,95268070.2902,115653264.17903,140400424.55483,170442912.74532,206913808.11148,251188643.15096,304937282.93873,370186905.58462,449398459.07217,545559478.11685,662296761.71483,804013161.11679,976053637.3079,1184906851.00067,1438449888.28767,1746245352.00162,2119902023.84961,2573512700.01691,3124185713.60267,3792690190.73224,4604239376.75877,5589441576.40337,6785454573.39357,8237387069.57101,10000000000.0],"preprocessing":{"derivative_order":1,"L":0.2,"norm":"zscore","n_points":96},"dtw_window":10,"k":2,"medoids":[[0.60394,0.54675,0.10573,0.03933,0.12682,0.90366,1.00015,0.63606,0.81762,0.00642,0.20967,0.85671,0.09183,0.15602,0.60583,0.00073,0.49616,0.74925,0.3676,1.13356,1.01454,1.37695,0.76728,0.55308,-0.36479,0.20397,-0.04671,-0.28337,0.17321,0.32979,0.52806,0.21594,0.26815,-1.10871,-0.41321,-0.43771,-0.22299,-0.45276,-0.68093,-1.20552,-1.54793,-0.40561,-1.36729,-1.21116,-1.44813,-2.51314,-2.08125,-1.75366,-2.10592,-1.74408,-2.2857,-2.1953,-1.49242,-1.00907,-0.61596,-0.97094,-0.97357,-0.93105,-0.14631,0.12296,0.62011,0.29977,-1.00207,-0.416,0.14219,-0.52079,0.57202,0.08659,-0.08456,1.55532,0.74345,1.00859,1.75624,0.72281,0.643,1.07206,-0.51819,0.00359,0.74105,-0.40966,2.21435,1.30181,-0.8055,1.19258,-1.59321,-0.43864,1.85166,0.1584,1.14652,1.11057,-0.12357,0.29034,0.66247,0.0739,1.11929,1.83092],[0.80432,0.73302,0.8329,0.76475,-0.2124,0.57867,0.07619,-0.10414,0.75784,0.05088,-0.37225,-0.09344,-0.73717,-1.17674,-0.73492,-1.58655,-1.36383,-0.78732,-2.36325,-1.25154,-1.73062,-1.66898,-1.46398,-1.5747,-1.84487,-2.01727,-1.43218,-1.54271,-1.14286,-0.74579,-0.12653,-0.56874,0.03265,-0.34999,-0.14106,0.83478,0.38111,0.39314,-0.12589,0.02584,0.09548,0.40276,0.41611,-0.03844,0.23431,0.5045,-0.11712,0.84066,1.12875,0.21533,1.17194,0.81771,0.83056,0.73617,1.63175,-0.09073,-0.42545,-0.44165,-0.57213,0.90656,1.8251,1.77658,0.57015,-0.57244,-1.50975,-0.65766,0.85665,0.56418,1.28215,0.23549,-0.26902,0.86874,-0.13058,0.0911,1.29222,0.77244,0.06311,0.55176,-0.04207,1.20855,1.98508,1.04135,1.18439,-1.06712,-1.93098,-0.21062,-0.67144,1.10367,1.81292,1.0857,0.80144,-0.46039,1.23188,-0.03573,-2.13802,0.23776]],"geotype_counts":[28,32],"silhouette":0.1468,"k_table":{"k":[2,3,4,5,6],"silhouette":[0.1468,0.1384,0.0912,0.1072,0.0861],"cost":[356.92,336.49,321.37,308.4,297.57]},"samples":[{"geotype":0,"curve":[1.38717,0.69021,0.85999,1.1112,0.20152,0.58566,0.16341,0.25412,1.36741,0.30563,0.54671,0.64298,-0.78544,0.26608,0.20517,-0.49187,1.1211,-0.12194,1.57076,0.26303,0.06661,0.19461,-1.51932,-0.64324,-1.47951,-0.934,-0.75306,-0.79785,-1.23782,-1.28187,-1.01581,-1.71317,-2.0172,-1.72368,-3.01834,-2.00084,-1.43411,-1.88218,-1.38517,-0.72329,-1.52897,-1.10097,-1.74257,-1.25207,-0.55787,-1.10464,0.36566,-0.15931,-0.11463,0.5276,-0.28251,-0.75896,-0.4607,0.15044,1.17771,0.76417,0.70317,0.88373,-0.17506,0.55041,0.47373,0.83719,-0.51413,0.74697,1.40009,-0.20289,1.65996,0.87368,0.33563,0.95944,0.85998,0.04081,0.62267,-0.35541,1.08359,0.34904,0.65906,1.93912,0.33576,1.34144,0.75965,-0.16965,-0.94926,-0.9853,0.33977,0.44329,0.50431,1.6218,0.53719,0.98337,1.39409,0.70849,0.04077,0.02717,0.61823,-0.04793]},{"geotype":0,"curve":[0.98584,0.67425,0.25324,0.60378,0.61228,1.05367,0.89313,0.29082,0.57631,0.81416,0.57449,0.3755,0.3291,0.11494,0.51666,0.83261,0.6951,0.66713,0.47651,0.27197,0.03853,0.073,0.88227,0.35903,0.25809,0.54369,0.86441,0.86729,0.50896,0.27801,-1.12105,-0.99397,-0.26151,-0.18222,-0.26904,0.67057,-0.15605,-0.39521,-0.60833,-2.14871,-2.16925,-1.25999,-1.11152,-1.43929,-0.8167,-1.833,-2.167,-0.91139,-1.57411,-1.63372,-1.04057,-2.19214,-1.0397,-0.34025,-0.42693,0.23852,-0.01527,-1.95232,-0.79037,0.14066,0.03048,1.28522,0.46391,0.42255,0.21447,-0.69991,-0.02367,-0.26666,-0.13682,2.72748,0.77952,0.02682,0.48618,-1.39395,0.86728,1.51634,1.22927,1.59434,-0.00998,0.92703,1.12895,0.31088,2.17902,-0.52068,0.55485,-0.10326,-0.46764,0.87786,-0.67149,1.95264,0.33104,0.56853,0.07017,-1.65315,-1.43093,-1.65156]},{"geotype":0,"curve":[1.04629,-0.07367,0.55789,0.40127,0.48131,0.61042,-0.03184,0.60591,0.40544,0.80378,0.82831,0.79606,0.70516,0.0404,0.75242,0.52232,0.39153,0.21328,0.40293,1.02025,0.80389,1.33488,1.1077,0.02665,0.40678,0.43837,0.45649,0.50647,-0.02439,-0.07534,-0.20599,0.29279,0.70017,0.99124,0.89737,0.53348,0.10677,0.85838,-0.06765,0.54165,-1.19066,-1.96888,-0.18257,-1.49583,0.82408,0.2814,0.01156,0.1556,-1.01086,-1.35583,-2.72292,-2.29041,-1.24986,-1.02945,-1.25225,-1.90537,-1.53198,-0.89378,-1.62141,0.4821,-1.04209,-2.5221,-1.32887,-1.99717,-1.92293,-0.0914,0.11347,-0.21097,-0.15545,-0.18317,0.32183,0.12941,1.29279,0.69396,-0.3064,0.27152,0.21968,0.81934,0.64082,0.50752,-0.82135,-0.4409,0.00279,1.49994,1.26538,1.02237,0.65103,0.25355,1.47123,0.90354,2.36645,0.43797,0.06959,-0.48551,-1.94871,-1.65899]},{"geotype":1,"curve":[-0.1378,-0.41127,-0.06608,-0.30177,0.15621,0.23905,0.40817,1.08249,0.71872,0.67252,-0.25069,-0.4933,0.04387,-0.38379,0.05085,0.37347,-0.36606,0.22624,0.05068,-0.32517,-0.00507,-0.08772,0.1695,-0.47373,-1.0735,-0.6638,-0.97196,-1.98898,-0.84487,-2.18783,-0.47537,-0.06005,-1.54084,-0.07953,-2.43,-1.21876,-0.67886,-0.07399,-0.56379,1.18185,0.58204,0.22126,1.62505,0.49572,0.3287,0.06033,-0.14479,-0.77081,0.7611,-0.15265,-0.66003,1.12084,0.37185,0.87105,2.66737,-0.51594,-0.1439,0.6216,-1.29017,0.58056,0.65174,-0.18455,0.885,-0.18458,-0.2858,0.05318,0.21435,0.31363,1.54493,-0.40182,0.42957,0.49413,-0.29494,1.31781,0.24162,0.17389,-1.08533,0.03191,-0.42729,1.22681,1.38854,1.43257,0.48804,-1.61295,-0.21981,-1.46874,0.94566,1.81894,0.59123,0.65423,1.09226,1.59694,1.24681,0.17261,-3.18063,-3.50819]},{"geotype":1,"curve":[-1.07809,-0.50259,-0.2779,0.06714,0.02867,-0.35868,-0.2157,-0.101,0.32606,0.35374,0.4851,-0.19568,-0.1503,0.2196,-0.0975,0.37661,-0.26958,-0.5895,-0.99929,-1.71172,-0.50951,-1.35428,-0.67477,-0.70225,-1.6364,-0.57861,-1.24191,-0.81076,-0.81405,-1.63108,-1.24392,-0.5877,-0.87189,-0.0262,0.04935,0.63492,0.72474,0.71481,-0.40502,-0.38227,0.26691,-0.15392,0.69385,-0.47484,1.10824,0.22837,0.60815,0.86226,-0.86676,0.0035,-0.43395,-0.28183,0.19298,0.69949,1.10655,0.56357,0.44454,-0.34882,-0.36429,0.86377,1.64558,0.69372,0.05607,-1.08821,-1.68665,0.34906,1.80786,0.4672,1.54861,-0.67148,-1.54506,1.39786,-2.76724,1.5049,1.36646,-0.06521,1.28564,-0.41055,-1.08986,-0.4038,0.63415,0.53539,0.66103,-1.20812,0.61342,0.10668,-0.54298,1.85083,0.32008,0.57975,-0.18516,1.22855,-0.62964,0.42356,4.84216,-0.30498]},{"geotype":1,